"表名：tb_BasicData_DepartmentPackageCount","","","","","","","",""
"ID","int","10","0","1","","","","1"
"PackageID","nvarchar","20","0","","1","","",""
"DeptID","nvarchar","50","0","","1","","",""
"Num","int","10","0","","1","","",""
"DeleteFlag","int","10","0","","1","","",""
"表名：tb_Storage_Stock","","","","","","","",""
"ID","int","10","0","1","","","","1"
"ItemDetailID","nvarchar","50","0","","","","",""
"Price","decimal","20","6","","","","",""
"Count","int","10","0","","","","",""
"StorageID","nvarchar","50","0","","","","",""
"StorageName","nvarchar","50","0","","1","","",""
"表名：tb_BasicData_Device","","","","","","","",""
"DeviceID","nvarchar","20","0","","","","","1"
"DeviceName","nvarchar","25","0","","","","",""
"Alias","nvarchar","25","0","","1","","",""
"IsConnect","nvarchar","1","0","","1","","是否连接（0、1）",""
"DeleteFlag","nvarchar","1","0","","1","","",""
"表名：tb_Storage_Trans","","","","","","","",""
"TransNumber","nvarchar","50","0","","","","","1"
"TransContent","nvarchar","50","0","","1","","",""
"TransType","int","10","0","","1","","",""
"TransFlag","int","10","0","","1","","",""
"StorageID","nvarchar","50","0","","1","","",""
"StorageName","nvarchar","50","0","","1","","",""
"TransValue","nvarchar","50","0","","1","","",""
"RefundFlag","int","10","0","","1","","",""
"DeleteFlag","int","10","0","","1","","",""
"CreateTime","datetime","23","3","","1","","",""
"OperationTime","datetime","23","3","","1","","",""
"UserID","nvarchar","50","0","","1","","",""
"UserName","nvarchar","50","0","","1","","",""
"DepartmentID","nvarchar","50","0","","1","","",""
"DepartmentName","nvarchar","50","0","","1","","",""
"Summary","nvarchar","200","0","","1","","",""
"TotalCount","int","10","0","","1","","",""
"TotalMount","decimal","20","6","","1","","",""
"SenderName","nvarchar","50","0","","1","","",""
"InvoiceNumber","nvarchar","50","0","","1","","",""
"OrderUserID","nvarchar","50","0","","1","","",""
"OrderUserName","nvarchar","50","0","","1","","",""
"表名：tb_BasicData_FailurePackage","","","","","","","",""
"ID","int","10","0","1","","","","1"
"PackageBarCode","nvarchar","30","0","","1","","",""
"PackageID","nvarchar","20","0","","1","","",""
"PackageNum","int","10","0","","1","","",""
"WashDeviceID","nvarchar","20","0","","1","","",""
"SterilizeDeviceID","nvarchar","20","0","","1","","",""
"FailureReason","nvarchar","100","0","","1","","",""
"Remark","nvarchar","100","0","","1","","",""
"DeleteFlag","int","10","0","","1","","",""
"表名：tb_Storage_TransDetail","","","","","","","",""
"TransNumber","nvarchar","50","0","","","","","1"
"RowID","int","10","0","","","","","1"
"TransType","int","10","0","","1","","",""
"TransFlag","int","10","0","","1","","",""
"StorageID","nvarchar","50","0","","1","","",""
"Count","int","10","0","","1","","",""
"CurrentCount","int","10","0","","1","","",""
"ItemDetailID","nvarchar","50","0","","1","","",""
"Price","decimal","20","6","","1","","",""
"Amount","decimal","20","6","","1","","",""
"表名：tb_BasicData_Instrument","","","","","","","",""
"InstrumentID","nvarchar","30","0","","","","器械编号（IM0001）","1"
"InstrumentName","nvarchar","30","0","","","","器械名称",""
"PYCode","nvarchar","30","0","","1","","拼音码",""
"WBCode","nvarchar","30","0","","1","","五笔码",""
"Specification","nvarchar","30","0","","1","","规格",""
"Unit","nvarchar","5","0","","1","","单位",""
"Worth","decimal","18","4","","1","","价值",""
"Sale","decimal","18","4","","1","","处理费用",""
"InstrumentTypeID","nvarchar","20","0","","1","","器械类型编号",""
"InstrumentTypeName","nvarchar","25","0","","1","","器械类型名称",""
"DeleteFlag","nvarchar","1","0","","1","","删除标志（0、1）",""
"Remark","nvarchar","200","0","","1","","备注",""
"InstrumentMode","nvarchar","1","0","","1","('0')","",""
"表名：tb_Storage_WriteHisEnterInfo","","","","","","","",""
"HisTransNumber","nvarchar","50","0","","","","","1"
"HisTransJson","nvarchar","300","0","","1","","",""
"HisTransDetailJson","nvarchar","1000","0","","1","","",""
"表名：tb_BasicData_InstrumentPicture","","","","","","","",""
"ID","int","10","0","1","","","自增长ID",""
"InstrumentID","nvarchar","30","0","","","","器械编号",""
"InstrumentPicture","image","2147483647","0","","1","","器械图片",""
"PictureName","nvarchar","50","0","","1","","图片名称",""
"PictureDirectory","nvarchar","200","0","","1","","图片目录",""
"DeleteFlag","nvarchar","1","0","","1","","删除标志（0、1）",""
"表名：tb_TraceManage_BatchPciture","","","","","","","",""
"BatchID","nvarchar","20","0","","","","","1"
"BatchReportPictrue","image","2147483647","0","","1","","",""
"BatchTrendPicture","image","2147483647","0","","1","","",""
"DeleteFlag","nvarchar","1","0","","1","","",""
"Remark","nvarchar","200","0","","1","","",""
"表名：tb_BasicData_InstrumentType","","","","","","","",""
"InstrumentTypeID","nvarchar","20","0","","","","器械类型编号（IT0001）","1"
"InstrumentTypeName","nvarchar","25","0","","","","器械类型名称",""
"DeleteFlag","nvarchar","1","0","","1","","删除标志（0、1）",""
"Remark","nvarchar","200","0","","1","","备注",""
"PYCode","nvarchar","25","0","","1","","",""
"WBCode","nvarchar","25","0","","1","","",""
"表名：tb_TraceManage_CheckConfirm","","","","","","","",""
"ID","int","10","0","1","","","",""
"PackageID","nvarchar","30","0","","1","","",""
"PackageName","nvarchar","30","0","","1","","",""
"PackageAmount","int","10","0","","1","","",""
"CheckConfirmUserID","nvarchar","20","0","","1","","",""
"CheckConfirmUserName","nvarchar","25","0","","1","","",""
"CheckConfirmResult","nvarchar","200","0","","1","","",""
"CheckConfirmType","nvarchar","1","0","","1","","",""
"CheckConfirmDate","datetime","23","3","","1","","",""
"LoginUserID","nvarchar","20","0","","1","","",""
"LoginUserName","nvarchar","25","0","","1","","",""
"DeleteFlag","nvarchar","1","0","","1","","",""
"表名：tb_BasicData_Item","","","","","","","",""
"ItemID","nvarchar","20","0","","","","",""
"ItemName","nvarchar","50","0","","","","","1"
"ItemType","nvarchar","50","0","","","","","1"
"PackingSpecifications","nvarchar","50","0","","","","","1"
"ItemUnit","nvarchar","10","0","","","","","1"
"ItemNamePYCode","nvarchar","50","0","","1","","",""
"ItemNameWBCode","nvarchar","50","0","","1","","",""
"ItemTypePYCode","nvarchar","50","0","","1","","",""
"ItemTypeWBCode","nvarchar","50","0","","1","","",""
"ReferencePrice","decimal","20","6","","","","",""
"Remark","nvarchar","200","0","","1","","",""
"ApplyCount","int","10","0","","","((0))","",""
"TotalCount","int","10","0","","","((0))","",""
"LowerLimit","int","10","0","","1","","",""
"UpperLimit","int","10","0","","1","","",""
"ItemGroupID","int","10","0","","","","",""
"ApplyEnble","int","10","0","","","((1))","",""
"ApplyBaseCount","int","10","0","","","((1))","",""
"IsUsed","int","10","0","","","((0))","",""
"DetailCount","int","10","0","","","((0))","",""
"DeleteFlag","int","10","0","","","((1))","",""
"HisItemID","nvarchar","50","0","","1","","",""
"ManuID","nvarchar","50","0","","1","","",""
"RegistrationNo","nvarchar","50","0","","1","","",""
"TransformCount","int","10","0","","1","","",""
"BillingCode","nvarchar","50","0","","1","","计费编码",""
"表名：tb_TraceManage_PackageRecall","","","","","","","",""
"RecallID","nvarchar","30","0","","","","","1"
"RecallDate","datetime","23","3","","1","","",""
"RecallUserID","nvarchar","20","0","","1","","",""
"RecallUserName","nvarchar","25","0","","1","","",""
"LoginUserID","nvarchar","20","0","","1","","",""
"LoginUserName","nvarchar","25","0","","1","","",""
"RecallMode","nvarchar","1","0","","1","","",""
"DeleteFlag","nvarchar","1","0","","1","","",""
"Remark","ntext","1073741823","0","","1","","",""
"表名：tb_TraceManage_PackageTrace","","","","","","","",""
"ID","bigint","19","0","1","","","自增长ID","1"
"PackageBarcode","nvarchar","30","0","","1","","包条码",""
"PackageID","nvarchar","30","0","","1","","包编号",""
"PackageName","nvarchar","50","0","","1","","包名称",""
"PackageAmount","int","10","0","","1","","包数量",""
"PackageStateID","nvarchar","20","0","","1","","包状态",""
"DepartmentID","nvarchar","20","0","","1","","回收科室ID",""
"DepartmentName","nvarchar","25","0","","1","","回收科室名称",""
"UseDepartmentID","nvarchar","20","0","","1","","发放科室ID",""
"UseDepartmentName","nvarchar","25","0","","1","","发放科室名称",""
"Charge","decimal","18","4","","1","","费用",""
"InstrumentAmount","int","10","0","","1","","外来器械器械件数",""
"PackAmount","int","10","0","","1","((1))","外来器械分包数量",""
"Implant","nvarchar","200","0","","1","","外来器械植入物记录",""
"Doctor","nvarchar","25","0","","1","","外来器械使用医生",""
"UseDate","datetime","23","3","","1","","外来器械使用日期",""
"Operation","nvarchar","25","0","","1","","外来器械手术名称",""
"Patient","nvarchar","25","0","","1","","外来器械患者姓名",""
"AdmissionNumber","nvarchar","20","0","","1","","外来器械患者住院号",""
"BedNumber","nvarchar","20","0","","1","","外来器械患者床号",""
"SendUser","nvarchar","25","0","","1","","外来器械送包人",""
"SendDate","datetime","23","3","","1","","外来器械送包时间",""
"LoanerCompany","nvarchar","25","0","","1","","外来器械厂家名称",""
"RecycleID","nvarchar","20","0","","1","","回收单据ID",""
"RecycleDate","datetime","23","3","","1","","回收日期",""
"WashRegisterID","nvarchar","20","0","","1","","清洗登记单据ID",""
"WashRegisteredAmount","int","10","0","","1","","已清洗登记数量",""
"WashRegisterDate","datetime","23","3","","1","","清洗登记日期",""
"WashBatchCodeID","nvarchar","20","0","","1","","清洗批量码ID",""
"WashBatchCodeName","nvarchar","25","0","","1","","清洗批量码名称",""
"WashDeviceID","nvarchar","20","0","","1","","清洗设备ID",""
"WashDeviceName","nvarchar","25","0","","1","","清洗设备名称",""
"WashBatchID","nvarchar","20","0","","1","","清洗批次号",""
"WashUserID","nvarchar","20","0","","1","","清洗人ID",""
"WashUserName","nvarchar","25","0","","1","","清洗人姓名",""
"PackingID","nvarchar","20","0","","1","","打包单据ID",""
"PackingRegisteredAmount","int","10","0","","1","","已打包数量",""
"PackingDate","datetime","23","3","","1","","打包时间",""
"ReceiveID","nvarchar","20","0","","1","","接收配装单据ID",""
"ReceiveRegisterDate","datetime","23","3","","1","","接收配装日期",""
"SterilizeRegisterID","nvarchar","20","0","","1","","灭菌登记单据ID",""
"SterilizeRegisteredAmount","int","10","0","","1","","已灭菌登记数量",""
"SterilizeRegisterDate","datetime","23","3","","1","","灭菌登记日期",""
"SterilizeBatchCodeID","nvarchar","20","0","","1","","灭菌批量码ID",""
"SterilizeBatchCodeName","nvarchar","25","0","","1","","灭菌批量码名称",""
"SterilizeDeviceID","nvarchar","20","0","","1","","灭菌器设备ID",""
"SterilizeDeviceName","nvarchar","25","0","","1","","灭菌设备名称",""
"SterilizeBatchID","nvarchar","20","0","","1","","灭菌批次号",""
"SterilizeUserID","nvarchar","20","0","","1","","灭菌员ID",""
"SterilizeUserName","nvarchar","25","0","","1","","灭菌员姓名",""
"ProductionDate","datetime","23","3","","1","","灭菌日期",""
"ExpirationDate","datetime","23","3","","1","","失效日期",""
"PrintFlag","nvarchar","1","0","","1","","条码打印标志,0未打印，1已打印",""
"PrintDate","datetime","23","3","","1","","打印时间",""
"DistributeID","nvarchar","20","0","","1","","发放单据ID",""
"DistributeRegisteredAmount","int","10","0","","1","","已发放数量",""
"DistributeDate","datetime","23","3","","1","","发放时间",""
"IsDistributeImported","nvarchar","1","0","","1","","是否回收导入，0未导入，1已导入",""
"DistributeCombineID","nvarchar","20","0","","1","","发放单据组合码",""
"LendID","nvarchar","20","0","","1","","借包哦单据ID",""
"LendFlag","nvarchar","1","0","","1","","借包标志，0未归还，1已归还",""
"LendRegisteredAmount","int","10","0","","1","","已借包数量",""
"LendDate","datetime","23","3","","1","","借包时间",""
"EstimateDate","datetime","23","3","","1","","预计归还日期",""
"ReturnDate","datetime","23","3","","1","","实际归还日期",""
"DeleteFlag","nvarchar","1","0","","1","","删除标志，0未删除，1已删除",""
"ApplyID","int","10","0","","1","","",""
"AcceptNumber","nvarchar","50","0","","1","","科室接收ID",""
"AcceptDepartmentID","nvarchar","50","0","","1","","接收科室ID",""
"LocationRoomID","nvarchar","50","0","","1","","手术房间ID",""
"PackageUseNumber","nvarchar","50","0","","1","","病人使用ID",""
"HospitalNumber","nvarchar","50","0","","1","","实际患者住院号",""
"PatientName","nvarchar","50","0","","1","","实际患者姓名",""
"Operator","nvarchar","50","0","","1","","实际使用医生",""
"OperationName","nvarchar","50","0","","1","","实际手术名称",""
"OperationDate","datetime","23","3","","1","","实际使用时间",""
"WashCheckResult","nvarchar","200","0","","1","","",""
"SterilizeCheckResult","nvarchar","200","0","","1","","",""
"RecycleMode","nvarchar","1","0","","1","","",""
"DistributeMode","nvarchar","1","0","","1","","",""
"DistributeImportedRelatedID","bigint","19","0","","1","","",""
"IsRecycleImported","nvarchar","1","0","","1","","",""
"RecycleImportedRelatedID","bigint","19","0","","1","","",""
"UseMode","nvarchar","25","0","","1","","",""
"SterilizeModeID","nvarchar","20","0","","1","","",""
"SterilizeModeName","nvarchar","25","0","","1","","",""
"ImplantSterilizeModeID","nvarchar","20","0","","1","","",""
"ImplantSterilizeModeName","nvarchar","25","0","","1","","",""
"Weight","nvarchar","20","0","","1","","",""
"PatientDepartmentID","nvarchar","20","0","","1","","",""
"PatientDepartmentName","nvarchar","25","0","","1","","",""
"WashRegisterUserID","nvarchar","20","0","","1","","",""
"WashRegisterUserName","nvarchar","20","0","","1","","",""
"SterilizeRegisterUserID","nvarchar","20","0","","1","","",""
"SterilizeRegisterUserName","nvarchar","20","0","","1","","",""
"DistributeImportedRelate","nvarchar","20","0","","1","","",""
"LoanerInstrumentRelateID","bigint","19","0","","1","((0))","",""
"DealFlag","nvarchar","1","0","","1","('0')","",""
"DealRealFlag","nvarchar","1","0","","1","('0')","",""
"DealRemark","nvarchar","200","0","","1","","",""
"DealRealRemark","nvarchar","200","0","","1","","",""
"OperationRoom","nvarchar","50","0","","1","","",""
"OverUserID","nvarchar","20","0","","1","","",""
"OverUserName","nvarchar","25","0","","1","","",""
"OverDate","datetime","23","3","","1","","",""
"xhhsdm1","nvarchar","50","0","","1","","",""
"CirculatingNurse","nvarchar","50","0","","1","","",""
"xshsdm1","nvarchar","50","0","","1","","",""
"ScrubNurse","nvarchar","50","0","","1","","",""
"LoanerInstrumentAlias","nvarchar","50","0","","1","","",""
"LoanerInstrumentMark","nvarchar","20","0","","1","","",""
"LoanerInstrumentMarkAmount","nvarchar","20","0","","1","","",""
"ImportDate","datetime","23","3","","1","","",""
"LoanerInstrumentRemark","nvarchar","200","0","","1","","",""
"RecycleType","int","10","0","","1","","",""
"LostDamageFlag","int","10","0","","1","","",""
"IsHavingImplant","nvarchar","1","0","","1","","",""
"ImplantCheckResult","nvarchar","200","0","","1","","",""
"RealRecycleType","int","10","0","","1","((0))","",""
"EmergencyDistributeRemark","nvarchar","50","0","","1","","",""
"PackageOutFlag","int","10","0","","1","((0))","",""
"PackageOutRemark","nvarchar","200","0","","1","","",""
"Gender","nvarchar","50","0","","1","","",""
"Age","nvarchar","50","0","","1","","",""
"WashCheckUserID","nvarchar","20","0","","1","","",""
"WashCheckUserName","nvarchar","25","0","","1","","",""
"WashCheckDate","datetime","23","3","","1","","",""
"SterilizeCheckUserID","nvarchar","20","0","","1","","",""
"SterilizeCheckUserName","nvarchar","25","0","","1","","",""
"SterilizeCheckDate","datetime","23","3","","1","","",""
"RecycleFrom","int","10","0","","1","((0))","",""
"SubmitFlag","nvarchar","1","0","","1","","",""
"BorrowUserID","nvarchar","20","0","","1","","",""
"BorrowUserName","nvarchar","25","0","","1","","",""
"ReturnUserID","nvarchar","20","0","","1","","",""
"ReturnUserName","nvarchar","25","0","","1","","",""
"RecycleSaveFlag","nvarchar","1","0","","1","('0')","",""
"ImplantCheckUserID","nvarchar","20","0","","1","","",""
"ImplantCheckUserName","nvarchar","25","0","","1","","",""
"LoanerCompanyContact","nvarchar","25","0","","1","","",""
"DisplayFlag","int","10","0","","1","((0))","",""
"表名：t_CodeScan","","","","","","","",""
"ID","int","10","0","1","","","ID主键","1"
"DeviceNo","nvarchar","10","0","","1","","设备编号",""
"DeviceType","nvarchar","10","0","","1","","设备类型",""
"BarCode","nvarchar","50","0","","1","","已扫描条码",""
"PackageName","nvarchar","50","0","","1","","包名称",""
"ScanUserID","nvarchar","50","0","","1","","扫描人",""
"ScanUserName","nvarchar","50","0","","1","","扫描人姓名",""
"ScanDateTime","datetime","23","3","","1","","扫描时间",""
"BatchNo","nvarchar","50","0","","1","","批次号",""
"CheckUserID","nvarchar","50","0","","1","","检查人",""
"CheckUserName","nvarchar","50","0","","1","","检查人姓名",""
"CheckResult","nvarchar","50","0","","1","","检查结果",""
"CheckDateTime","datetime","23","3","","1","","检查时间",""
"IsBatchCode","nchar","1","0","","1","((0))","是否是批量码,0-单包条码  1-WR组合码  2-CO组合码",""
"RegistedTime","int","10","0","","1","","已登记或入库次数",""
"IsDelete","nchar","1","0","","1","((0))","是否删除,用于扫描错误删除此条码 0-正常  1-删除  2-后门扫描",""
"IsOver","nchar","1","0","","1","((0))","是否已经处理，本次任务结束",""
"FromWhere","nvarchar","50","0","","1","","扫描数据来源",""
"DeviceName","nvarchar","50","0","","1","","",""
"DeviceState","int","10","0","","1","","",""
"ProgramName","nvarchar","50","0","","1","","",""
"RunCount","int","10","0","","1","","",""
"DayTimes","int","10","0","","1","","",""
"表名：tb_TraceManage_PackageTraceLog","","","","","","","",""
"ID","int","10","0","1","","","自增长ID",""
"PackageBarcode","nvarchar","30","0","","1","","包条码",""
"PackageID","nvarchar","30","0","","1","","包编号",""
"PackageName","nvarchar","30","0","","1","","包名称",""
"PackageStateID","nvarchar","10","0","","1","","包改变前状态",""
"LoginUserID","nvarchar","20","0","","1","","登录人ID",""
"LoginUsername","nvarchar","25","0","","1","","登录人姓名",""
"OperatorUserID","nvarchar","20","0","","1","","操作人ID",""
"OperateUserName","nvarchar","25","0","","1","","操作人姓名",""
"OperateDate","datetime","23","3","","1","","操作时间",""
"ModuleID","nvarchar","20","0","","1","","模块ID",""
"ModuleName","nvarchar","25","0","","1","","模块名称",""
"ComputerName","nvarchar","300","0","","1","","计算机名称",""
"ComputerIP","nvarchar","20","0","","1","","计算机名称",""
"TraceLog","nvarchar","500","0","","1","","操作日志",""
"DeleteFlag","nvarchar","1","0","","1","","删除标志,0未删除,1已删除",""
"Remark","nvarchar","200","0","","1","","备注",""
"TraceID","bigint","19","0","","1","","",""
"OperationRoom","nvarchar","50","0","","1","","",""
"表名：t_DetectionManagement","","","","","","","",""
"BatchNo","nvarchar","30","0","","","","","1"
"PhysicalTestResult","nvarchar","10","0","","1","","",""
"PhysicalTestUserID","nvarchar","20","0","","1","","",""
"PhysicalTestUserName","nvarchar","30","0","","1","","",""
"ChemicalTestResult","nvarchar","10","0","","1","","",""
"ChemicalTestUserID","nvarchar","20","0","","1","","",""
"ChemicalTestUserName","nvarchar","30","0","","1","","",""
"ChemicalTestPicture","nvarchar","100","0","","1","","",""
"ChemicalVendorID","nvarchar","20","0","","1","","",""
"ChemicalVendorName","nvarchar","50","0","","1","","",""
"BiotestResult","nvarchar","10","0","","1","","",""
"BiotestUserID","nvarchar","20","0","","1","","",""
"BiotestUserName","nvarchar","30","0","","1","","",""
"BiotestCheckUserID","nvarchar","20","0","","1","","",""
"BiotestChecUserName","nvarchar","30","0","","1","","",""
"BiotestBatchNo","nvarchar","30","0","","1","","",""
"BiotestVendorID","nvarchar","20","0","","1","","",""
"BiotestVendorName","nvarchar","50","0","","1","","",""
"BiotestCheckTime","datetime","23","3","","1","","",""
"BDBatchNo","nvarchar","30","0","","1","","",""
"CreateTime","datetime","23","3","","1","","",""
"BiotestStartTime","datetime","23","3","","1","","",""
"BiotestParam1","nvarchar","50","0","","1","","",""
"BiotestParam2","nvarchar","50","0","","1","","",""
"表名：tb_TraceManage_SystemLog","","","","","","","",""
"ID","int","10","0","1","","","","1"
"LoginUserID","nvarchar","20","0","","1","","",""
"LoginUserName","nvarchar","25","0","","1","","",""
"OperatorUserID","nvarchar","20","0","","1","","",""
"OperateUserName","nvarchar","25","0","","1","","",""
"OperationDate","datetime","23","3","","1","","",""
"OperationContent","nvarchar","500","0","","1","","",""
"ModuleID","nvarchar","20","0","","1","","",""
"ComputerIP","nvarchar","20","0","","1","","",""
"CompuerName","nvarchar","300","0","","1","","",""
"DeleteFlag","int","10","0","","1","","",""
"表名：t_DetectionType","","","","","","","",""
"DetectionTypeID","nvarchar","50","0","","","","","1"
"DetectionTypeName","nvarchar","50","0","","1","","",""
"表名：tb_WashManage_WashRegisterRecord","","","","","","","",""
"ID","int","10","0","1","","","自增长ID",""
"WashRegisterID","nvarchar","20","0","","1","","清洗登记ID",""
"WashRegisterUserID","nvarchar","20","0","","1","","清洗登记人ID",""
"WashRegisterUserName","nvarchar","25","0","","1","","清洗登记人姓名",""
"WashUserID","nvarchar","20","0","","1","","清洗人ID",""
"WashUserName","nvarchar","25","0","","1","","清洗人姓名",""
"WashRegisterDate","datetime","23","3","","1","","清洗登记时间",""
"SaveFlag","nvarchar","1","0","","1","","保存标志,0未保存,1已保存",""
"LoginUserID","nvarchar","20","0","","1","","登录人ID",""
"LoginUserName","nvarchar","25","0","","1","","登录人姓名",""
"DeleteFlag","nvarchar","1","0","","1","","删除标志,0未删除,1已删除",""
"表名：tb_BasicData_ItemDetail","","","","","","","",""
"ItemDetailID","nvarchar","50","0","","","","",""
"ItemID","nvarchar","20","0","","","","","1"
"RegistrationNo","nvarchar","50","0","","","","","1"
"ManuID","nvarchar","50","0","","","","","1"
"Batch","nvarchar","50","0","","","","","1"
"ProductionDate","datetime","23","3","","1","","灭菌日期",""
"ExpirationDate","datetime","23","3","","1","","失效日期",""
"WarningDay","int","10","0","","1","","",""
"ReferencePrice","decimal","20","6","","","","",""
"DeleteFlag","int","10","0","","","((0))","",""
"HisItemID","nvarchar","50","0","","1","","",""
"TransformCount","int","10","0","","","((1))","",""
"IsUsed","int","10","0","","","((0))","",""
"SterilizationBatch","nvarchar","50","0","","","","","1"
"表名：tb_BasicData_ItemGroup","","","","","","","",""
"ItemGroupID","int","10","0","1","","","","1"
"ItemGroupName","nvarchar","50","0","","","","",""
"ItemGroupNamePYCode","nvarchar","50","0","","1","","",""
"ItemGroupNameWBCode","nvarchar","50","0","","1","","",""
"BeforeID","int","10","0","","","","",""
"表名：t_DeviceMaintains","","","","","","","",""
"ID","int","10","0","1","","","","1"
"DeviceNo","nvarchar","50","0","","1","","",""
"DeviceType","nvarchar","50","0","","1","","",""
"DeviceName","nvarchar","50","0","","1","","",""
"Datetime","datetime","23","3","","1","","",""
"Description","nvarchar","500","0","","1","","",""
"TakeMeasures","nvarchar","500","0","","1","","",""
"Results","nvarchar","500","0","","1","","",""
"Serviceman","nvarchar","50","0","","1","","",""
"WhoOnDuty","nvarchar","50","0","","1","","",""
"MaintainsType","nvarchar","5","0","","1","","",""
"DeleteFlag","nvarchar","1","0","","1","","",""
"表名：tb_BasicData_Manufacturer","","","","","","","",""
"ManuID","nvarchar","50","0","","","","",""
"ManuName","nvarchar","50","0","","","","","1"
"ManuPYCode","nvarchar","50","0","","1","","",""
"ManuWBCode","nvarchar","50","0","","1","","",""
"Phone","nvarchar","50","0","","1","","",""
"Fax","nvarchar","50","0","","1","","",""
"Address","nvarchar","50","0","","1","","",""
"Email","nvarchar","50","0","","1","","",""
"Note","nvarchar","200","0","","1","","",""
"DeleteFlag","int","10","0","","","","",""
"IsUsed","int","10","0","","","((0))","",""
"表名：t_Eo_Config","","","","","","","",""
"ID","int","10","0","1","","","","1"
"BatchNo","nvarchar","50","0","","","","",""
"DayTimes","nvarchar","50","0","","1","","",""
"DeviceNo","nvarchar","50","0","","1","","",""
"DeviceType","nvarchar","50","0","","1","","",""
"RunCount","nvarchar","50","0","","1","","",""
"ProgramNo","nvarchar","50","0","","1","","",""
"ProgramName","nvarchar","50","0","","1","","",""
"SelectionStage","nvarchar","50","0","","1","","",""
"OperatorID","nvarchar","50","0","","1","","",""
"OperatorName","nvarchar","50","0","","1","","",""
"Datatime","datetime","23","3","","1","","",""
"Parameter1","int","10","0","","1","","",""
"Parameter2","int","10","0","","1","","",""
"Parameter3","int","10","0","","1","","",""
"Parameter4","int","10","0","","1","","",""
"Parameter5","int","10","0","","1","","",""
"Parameter6","int","10","0","","1","","",""
"Parameter7","int","10","0","","1","","",""
"Parameter8","int","10","0","","1","","",""
"Parameter9","int","10","0","","1","","",""
"Parameter10","int","10","0","","1","","",""
"Parameter11","int","10","0","","1","","",""
"Parameter12","int","10","0","","1","","",""
"Parameter13","int","10","0","","1","","",""
"Parameter14","int","10","0","","1","","",""
"TotalTime","int","10","0","","1","","",""
"CheckUserID","nvarchar","50","0","","1","","",""
"CheckUserName","nvarchar","50","0","","1","","",""
"CheckResult","nvarchar","50","0","","1","","",""
"OtherData","nvarchar","200","0","","1","","",""
"IsRead","nvarchar","1","0","","1","","",""
"IsEnd","nvarchar","1","0","","1","","",""
"ExitType","nvarchar","1","0","","1","","",""
"IsDelete","bit","1","0","","1","","",""
"RunResult","nvarchar","50","0","","1","","",""
"DetailDeviceType","nvarchar","50","0","","1","","",""
"DeviceID","nvarchar","50","0","","1","","",""
"ReadUser","nvarchar","50","0","","1","","",""
"表名：tb_BasicData_Material","","","","","","","",""
"MaterialID","nvarchar","20","0","","","","包装材料编号（MA0001）","1"
"MaterialName","nvarchar","25","0","","","","包装材料名称",""
"PYCode","nvarchar","25","0","","1","","拼音码",""
"WBCode","nvarchar","25","0","","1","","五笔码",""
"DeleteFlag","nvarchar","1","0","","1","","删除标志（0、1）",""
"Remark","nvarchar","200","0","","1","","备注",""
"EffectiveDays","int","10","0","","1","","",""
"表名：t_Eo_Data","","","","","","","",""
"ID","int","10","0","1","","","","1"
"BatchNo","nvarchar","50","0","","","","",""
"Input","nvarchar","50","0","","1","","",""
"Output","nvarchar","50","0","","1","","",""
"Datetime","datetime","23","3","","1","","",""
"P","nvarchar","50","0","","1","","",""
"T","nvarchar","50","0","","1","","",""
"RH","nvarchar","50","0","","1","","",""
"RunStep","nvarchar","50","0","","1","","",""
"StepTime","int","10","0","","1","","",""
"RunTime","int","10","0","","1","","",""
"Warning","nvarchar","50","0","","1","","",""
"TrendFlag","bit","1","0","","1","","",""
"StepChangFlag","bit","1","0","","1","","",""
"DataContent","nvarchar","200","0","","1","","",""
"RowsIndex","int","10","0","","1","","",""
"表名：tb_BasicData_MaterialInterfaceBillCorresponding","","","","","","","",""
"ID","int","10","0","1","","","","1"
"BillNO","nvarchar","50","0","","1","","",""
"TransNumber","nvarchar","50","0","","1","","",""
"表名：t_MonitorLog","","","","","","","",""
"ID","int","10","0","1","","","","1"
"LogType","nvarchar","50","0","","1","","日志类型",""
"Datatime","datetime","23","3","","1","","日期时间",""
"LogContent","nvarchar","500","0","","1","","日志内容",""
"BatchNo","nvarchar","50","0","","1","","批次号",""
"IsRead","bit","1","0","","1","","是否已读",""
"DeviceNo","nvarchar","50","0","","1","","哪台设备",""
"PackageState","nvarchar","5","0","","1","","",""
"表名：tb_BasicData_MaterialInterfaceBillCorrespondingDetail","","","","","","","",""
"ID","int","10","0","1","","","","1"
"BillNO","nvarchar","50","0","","1","","",""
"TransNumber","nvarchar","50","0","","1","","",""
"表名：t_ProgParam","","","","","","","",""
"ID","int","10","0","1","","","","1"
"DeviceNo","nvarchar","50","0","","1","","设备编号",""
"DeviceType","nvarchar","50","0","","1","","设备类型",""
"ProgramNo","nvarchar","50","0","","1","","程序编号",""
"SelectionStage","nvarchar","50","0","","1","","阶段选择",""
"Flag","bit","1","0","","1","","标志位",""
"OtherData","nvarchar","500","0","","1","","详细信息",""
"IsDelete","bit","1","0","","1","","",""
"表名：tb_BasicData_MaterialInterfaceItem","","","","","","","",""
"ItemID","nvarchar","50","0","","","","","1"
"ItemName","nvarchar","50","0","","1","","",""
"ItemGroup","nvarchar","50","0","","1","","",""
"ItemType","nvarchar","20","0","","1","","",""
"ItemSpecifications","nvarchar","50","0","","1","","",""
"ItemUnit","nvarchar","20","0","","1","","",""
"ManuName","nvarchar","50","0","","1","","",""
"WarningDay","int","10","0","","1","","",""
"ItemRetailPrice","decimal","20","6","","1","","",""
"ItemPurchasePrice","decimal","20","6","","1","","",""
"表名：t_Ps_Config","","","","","","","",""
"ID","int","10","0","1","","","","1"
"BatchNo","nvarchar","50","0","","","","",""
"DayTimes","nvarchar","50","0","","1","","",""
"DeviceNo","nvarchar","50","0","","1","","",""
"DeviceType","nvarchar","50","0","","1","","",""
"RunCount","nvarchar","50","0","","1","","",""
"ProgramNo","nvarchar","50","0","","1","","",""
"ProgramName","nvarchar","50","0","","1","","",""
"SelectionStage","nvarchar","50","0","","1","","",""
"OperatorID","nvarchar","50","0","","1","","",""
"OperatorName","nvarchar","50","0","","1","","",""
"Datatime","datetime","23","3","","1","","",""
"Parameter1","int","10","0","","1","","",""
"Parameter2","int","10","0","","1","","",""
"Parameter3","int","10","0","","1","","",""
"Parameter4","int","10","0","","1","","",""
"Parameter5","int","10","0","","1","","",""
"Parameter6","int","10","0","","1","","",""
"Parameter7","int","10","0","","1","","",""
"Parameter8","int","10","0","","1","","",""
"Parameter9","int","10","0","","1","","",""
"Parameter10","int","10","0","","1","","",""
"Parameter11","int","10","0","","1","","",""
"Parameter12","int","10","0","","1","","",""
"Parameter13","int","10","0","","1","","",""
"Parameter14","int","10","0","","1","","",""
"Parameter15","int","10","0","","1","","",""
"Parameter16","int","10","0","","1","","",""
"Parameter17","int","10","0","","1","","",""
"Parameter18","int","10","0","","1","","",""
"TotalTime","int","10","0","","1","","",""
"CheckUserID","nvarchar","50","0","","1","","",""
"CheckUserName","nvarchar","50","0","","1","","",""
"CheckResult","nvarchar","50","0","","1","","",""
"OtherData","nvarchar","200","0","","1","","",""
"IsRead","nvarchar","1","0","","1","","",""
"IsEnd","nvarchar","1","0","","1","","",""
"ExitType","nvarchar","1","0","","1","","",""
"IsDelete","bit","1","0","","1","","",""
"RunResult","nvarchar","50","0","","1","","",""
"DetailDeviceType","nvarchar","50","0","","1","","",""
"DeviceID","nvarchar","50","0","","1","","",""
"ReadUser","nvarchar","50","0","","1","","",""
"表名：tb_BasicData_MaterialInterfaceOutDeliver","","","","","","","",""
"ID","int","10","0","1","","","","1"
"BillNo","nvarchar","50","0","","1","","",""
"OutDate","datetime","23","3","","1","","",""
"Operator","nvarchar","50","0","","1","","",""
"Positive","int","10","0","","1","","",""
"Negative","int","10","0","","1","","",""
"表名：t_Ps_Data","","","","","","","",""
"ID","int","10","0","1","","","","1"
"BatchNo","nvarchar","50","0","","","","",""
"Input","nvarchar","50","0","","1","","",""
"Output","nvarchar","50","0","","1","","",""
"Datetime","datetime","23","3","","1","","",""
"P","nvarchar","50","0","","1","","",""
"T","nvarchar","50","0","","1","","",""
"RunStep","nvarchar","50","0","","1","","",""
"StepTime","int","10","0","","1","","",""
"RunTime","int","10","0","","1","","",""
"Warning","nvarchar","50","0","","1","","",""
"TrendFlag","bit","1","0","","1","","",""
"StepChangFlag","bit","1","0","","1","","",""
"DataContent","nvarchar","200","0","","1","","",""
"RowsIndex","int","10","0","","1","","",""
"表名：tb_BasicData_MaterialInterfaceOutDeliverDetail","","","","","","","",""
"ID","int","10","0","1","","","","1"
"BillNo","nvarchar","50","0","","1","","",""
"ItemNo","nvarchar","50","0","","1","","",""
"ItemID","nvarchar","50","0","","1","","",""
"ItemNum","int","10","0","","1","","",""
"ProductionDate","datetime","23","3","","1","","",""
"SterilizationDate","datetime","23","3","","1","","",""
"WarningDay","int","10","0","","1","","",""
"ExpirationDate","datetime","23","3","","1","","",""
"Batch","nvarchar","50","0","","1","","",""
"RegistrationNo","nvarchar","50","0","","1","","",""
"SterilizationBatch","nvarchar","50","0","","1","","",""
"表名：t_RepairDoctor","","","","","","","",""
"ID","int","10","0","1","","","",""
"DoctorName","nvarchar","50","0","","1","","",""
"DoctorPhoneNum","nvarchar","50","0","","1","","",""
"Factory","nvarchar","50","0","","1","","",""
"PYCode","nvarchar","50","0","","1","","",""
"WBCode","nvarchar","50","0","","1","","",""
"DeleteFlag","nvarchar","1","0","","1","","",""
"表名：t_St_Config","","","","","","","",""
"ID","int","10","0","1","","","ID","1"
"BatchNo","nvarchar","50","0","","","","批次号",""
"DayTimes","nvarchar","50","0","","1","","组合码",""
"DeviceNo","nvarchar","50","0","","1","","设备编号",""
"DeviceType","nvarchar","50","0","","1","","设备类型",""
"RunCount","nvarchar","50","0","","","","运转次数",""
"ProgramNo","nvarchar","50","0","","1","","程序编号",""
"ProgramName","nvarchar","50","0","","1","","程序编号",""
"SelectionStage","nvarchar","50","0","","1","","阶段选择",""
"Operator","nvarchar","50","0","","1","","灭菌操作员",""
"Flag","bit","1","0","","1","","标记",""
"Datatime","datetime","23","3","","1","","日期时间",""
"Impulse","nvarchar","50","0","","1","","脉动次数",""
"ImpulseTime","nvarchar","50","0","","1","","脉动耗时",""
"ImpulseDown","nvarchar","50","0","","1","","脉动下限",""
"ImpulseTop","nvarchar","50","0","","1","","脉动上限",""
"ReplaceTime","nvarchar","50","0","","1","","置换时间",""
"RealReplaceTime","nvarchar","50","0","","1","","置换耗时",""
"SteriTemp","nvarchar","50","0","","1","","灭菌温度",""
"RealHeatTime","nvarchar","50","0","","1","","升温耗时",""
"SteriTime","nvarchar","50","0","","1","","灭菌时间",""
"RealSteriTime","nvarchar","50","0","","1","","灭菌耗时",""
"ExhaustTime","nvarchar","50","0","","1","","排汽耗时",""
"DryingTime","nvarchar","50","0","","1","","干燥时间",""
"RealDryingTime","nvarchar","50","0","","1","","干燥耗时",""
"PressLimit","nvarchar","50","0","","1","","内压限度",""
"F0","nvarchar","50","0","","1","","F0值,*10放大后的值",""
"TotalTime","nvarchar","50","0","","1","","总耗时",""
"CheckUser","nvarchar","50","0","","1","","检查人",""
"CheckResult","nvarchar","50","0","","1","","检查结果",""
"RunResult","nvarchar","50","0","","1","","是否已打印",""
"ExitType","nvarchar","50","0","","1","","退出状况",""
"LeakRate","nvarchar","50","0","","1","","泄露速率,*10放大后的值",""
"OtherData","nvarchar","200","0","","1","","",""
"IsDelete","bit","1","0","","1","","删除",""
"DevState","nvarchar","50","0","","1","","",""
"DetailDeviceType","nvarchar","50","0","","1","","",""
"DeviceID","nvarchar","50","0","","1","","",""
"ReadUser","nvarchar","50","0","","1","","",""
"表名：tb_BasicData_Member","","","","","","","",""
"MemberID","nvarchar","50","0","","","","角色ID","1"
"MemberName","nvarchar","50","0","","1","","角色名称",""
"PYCode","nvarchar","50","0","","1","","拼音码",""
"WBCode","nvarchar","50","0","","1","","五笔码",""
"DeleteFlag","int","10","0","","1","","删除标志",""
"MemberType","int","10","0","","1","((0))","",""
"表名：t_Warnning","","","","","","","",""
"ID","int","10","0","1","","","","1"
"WarnningNo","int","10","0","","","","",""
"DeviceType","nvarchar","50","0","","","","",""
"DeviceDetailType","nvarchar","50","0","","1","","",""
"WarnContent","nvarchar","200","0","","1","","",""
"IsDelete","bit","1","0","","1","","",""
"IsSendMessage","bit","1","0","","1","","",""
"表名：tb_BasicData_MemberAndAction","","","","","","","",""
"ID","int","10","0","1","","","流水号","1"
"MemberID","nvarchar","50","0","","1","","角色ID",""
"ActionID","nvarchar","50","0","","1","","功能ID",""
"DeleteFlag","int","10","0","","1","","是否删除",""
"表名：t_Ws_Config","","","","","","","",""
"ID","int","10","0","1","","","ID","1"
"BatchNo","nvarchar","50","0","","1","","批次号",""
"DeviceNo","nvarchar","50","0","","1","","设备排号",""
"DeviceType","nvarchar","50","0","","1","","设备类型",""
"DayTimes","nvarchar","50","0","","1","","锅次",""
"Datatime","datetime","23","3","","1","","时间",""
"RunCount","nvarchar","50","0","","1","","运转次数",""
"ProgramNo","nvarchar","50","0","","1","","程序编号",""
"ProgramName","nvarchar","50","0","","1","","程序编号",""
"SelectionStage","nvarchar","50","0","","1","","阶段选择",""
"Operator","nvarchar","50","0","","1","","操作员",""
"PreWashTemp","nvarchar","50","0","","1","","预洗温度",""
"PreWashTime","nvarchar","50","0","","1","","预洗时间",""
"WashTemp","nvarchar","50","0","","1","","清洗温度",""
"WashTime","nvarchar","50","0","","1","","清洗时间",""
"Potch1Temp","nvarchar","50","0","","1","","漂洗1温度",""
"Potch1Time","nvarchar","50","0","","1","","漂洗1时间",""
"Potch2Temp","nvarchar","50","0","","1","","漂洗2温度",""
"Potch2Time","nvarchar","50","0","","1","","漂洗2时间",""
"DisinfectTemp","nvarchar","50","0","","1","","消毒温度",""
"DisinfectTime","nvarchar","50","0","","1","","消毒时间",""
"DryTemp","nvarchar","50","0","","1","","干燥温度",""
"DryTime","nvarchar","50","0","","1","","干燥时间",""
"TotalTime","nvarchar","50","0","","1","","总运行时间",""
"A0","nvarchar","50","0","","1","","A0值",""
"IsEnd","bit","1","0","","1","","数据是否完整",""
"CheckUser","nvarchar","50","0","","1","","检查人",""
"OtherData","nvarchar","200","0","","1","","",""
"IsDelete","bit","1","0","","1","","是否删除",""
"IsPrint","nvarchar","5","0","","1","","是否已打印",""
"RunResult","nvarchar","50","0","","1","","",""
"OperatorName","nvarchar","50","0","","1","","",""
"CheckUserName","nvarchar","50","0","","1","","",""
"DetailDeviceType","nvarchar","50","0","","1","","",""
"DeviceID","nvarchar","50","0","","1","","",""
"ReadUser","nvarchar","50","0","","1","","",""
"表名：tb_BasicData_MemberAndUser","","","","","","","",""
"ID","int","10","0","1","","","流水号","1"
"MemberID","nvarchar","50","0","","1","","角色ID",""
"UserID","nvarchar","50","0","","1","","人员ID",""
"DeleteFlag","int","10","0","","1","","是否删除",""
"表名：t_Ws_Data","","","","","","","",""
"ID","int","10","0","1","","","","1"
"BatchNo","nvarchar","50","0","","","","",""
"Input","nvarchar","50","0","","1","","",""
"Output","nvarchar","50","0","","1","","",""
"Datetime","datetime","23","3","","1","","",""
"T1","nvarchar","50","0","","1","","清洗水箱温度",""
"T2","nvarchar","50","0","","1","","消毒水箱温度",""
"T3","nvarchar","50","0","","1","","舱内温度",""
"T4","nvarchar","50","0","","1","","干燥箱温度",""
"RunStep","nvarchar","50","0","","1","","程序大阶段",""
"StepSection","nvarchar","50","0","","1","","程序小阶段",""
"StepTime","nvarchar","50","0","","1","","阶段计时",""
"RunTime","nvarchar","50","0","","1","","运行时间",""
"A0","nvarchar","50","0","","1","","A0值",""
"Warning","nvarchar","50","0","","1","","报警",""
"IsSkip","bit","1","0","","1","","是否阶段跳转",""
"DataContent","nvarchar","200","0","","1","","",""
"RowsIndex","int","10","0","","1","","",""
"表名：tb_BasicData_Module","","","","","","","",""
"ModuleID","nvarchar","20","0","","","","模块编号","1"
"ModuleName","nvarchar","25","0","","1","","模块名称",""
"DefaultForm","nvarchar","100","0","","1","","默认窗体",""
"DeleteFlag","nvarchar","1","0","","1","","删除标志（0、1）",""
"Remark","nvarchar","200","0","","1","","备注",""
"表名：tb_ApplayManage_AnesthesiaMaintain","","","","","","","",""
"ID","int","10","0","1","","","","1"
"AnesthesiaName","nvarchar","50","0","","1","","",""
"DeleteFlag","int","10","0","","1","","",""
"表名：tb_BasicData_Operation","","","","","","","",""
"OperationID","nvarchar","20","0","","","","","1"
"OperationName","nvarchar","200","0","","1","","",""
"OperationCode","nvarchar","20","0","","1","","",""
"PYCode","nvarchar","200","0","","1","","",""
"WBCode","nvarchar","200","0","","1","","",""
"DeleteFlag","nvarchar","1","0","","1","","",""
"Remark","nvarchar","200","0","","1","","",""
"表名：tb_ApplyManage_ApplyList","","","","","","","",""
"ID","int","10","0","1","","","","1"
"ItemID","nvarchar","20","0","","1","","",""
"Count","int","10","0","","1","","",""
"DepartmentID","nvarchar","20","0","","1","","",""
"DepartmentName","nvarchar","25","0","","1","","",""
"OrderUserID","nvarchar","20","0","","1","","",""
"OrderUserName","nvarchar","25","0","","1","","",""
"OrderTime","datetime","23","3","","1","","",""
"StateValue","nvarchar","50","0","","1","","",""
"AuditUserID","nvarchar","20","0","","1","","",""
"AuditUserName","nvarchar","25","0","","1","","",""
"AuditTime","datetime","23","3","","1","","",""
"CancelUserID","nvarchar","20","0","","1","","",""
"CancelUserName","nvarchar","25","0","","1","","",""
"CancelTime","datetime","23","3","","1","","",""
"OutUserID","nvarchar","20","0","","1","","",""
"OutUserName","nvarchar","25","0","","1","","",""
"OutTime","datetime","23","3","","1","","",""
"OutNumber","nvarchar","50","0","","1","","",""
"Remark","nvarchar","200","0","","1","","",""
"表名：t_St_Data","","","","","","","",""
"ID","int","10","0","1","","","ID主键","1"
"BatchNo","nvarchar","50","0","","","","批次号",""
"Datatime","datetime","23","3","","1","","日期时间",""
"Input","nvarchar","50","0","","1","","输入",""
"Output","nvarchar","50","0","","1","","输出",""
"SandwichPres","nvarchar","50","0","","1","","夹层压力",""
"SandwichTemp","nvarchar","50","0","","1","","夹层温度",""
"ChamberPres","nvarchar","50","0","","1","","内室压力",""
"ChamberTemp","nvarchar","50","0","","1","","内室温度",""
"TaskCycle","nvarchar","50","0","","1","","总任务阶段",""
"RunStep","nvarchar","50","0","","1","","程序阶段",""
"F0","nvarchar","50","0","","1","","F0值",""
"RunTime","nvarchar","50","0","","1","","总运行计时",""
"RunImpulse","nvarchar","50","0","","1","","脉动次数运行值",""
"RunReplaceTime","nvarchar","50","0","","1","","置换时间运行值",""
"RunSteriTime","nvarchar","50","0","","1","","灭菌时间运行值",""
"RunDryingTime","nvarchar","50","0","","1","","干燥时间运行值",""
"Warning","nvarchar","50","0","","1","","报警信息",""
"Flag","bit","1","0","","1","","标记",""
"OtherData","nvarchar","200","0","","1","","其他数据",""
"RowsIndex","int","10","0","","1","","",""
"表名：tb_BasicData_OperationDepartment","","","","","","","",""
"ID","int","10","0","1","","","",""
"OperationDepartmentName","nvarchar","25","0","","","","","1"
"表名：tb_ApplyManage_ApplyLoginLog","","","","","","","",""
"ID","int","10","0","1","","","",""
"UserID","nvarchar","20","0","","1","","",""
"UserAccount","nvarchar","50","0","","1","","",""
"UserName","nvarchar","25","0","","1","","",""
"LoginTime","datetime","23","3","","1","","",""
"HostIP","nvarchar","50","0","","1","","",""
"HostName","nvarchar","50","0","","1","","",""
"DepartmentID","nvarchar","20","0","","1","","",""
"DepartmentName","nvarchar","25","0","","1","","",""
"表名：tb_ApplyManage_ApplyRecord","","","","","","","",""
"ID","bigint","19","0","1","","","",""
"PackageID","nvarchar","20","0","","1","","",""
"PackageName","nvarchar","25","0","","1","","",""
"PackageAmount","int","10","0","","1","","",""
"DepartmentID","nvarchar","20","0","","1","","",""
"DepartmentName","nvarchar","25","0","","1","","",""
"ApplyUserID","nvarchar","20","0","","1","","",""
"ApplyUserName","nvarchar","25","0","","1","","",""
"ApplyDate","datetime","23","3","","1","","",""
"DeleteFlag","nvarchar","1","0","","1","","",""
"Remark","nvarchar","200","0","","1","","",""
"AuditFlag","nvarchar","1","0","","1","","",""
"AuditUserID","nvarchar","20","0","","1","","",""
"AuditUserName","nvarchar","25","0","","1","","",""
"AuditDate","datetime","23","3","","1","","",""
"LendFlag","int","10","0","","1","","",""
"RecycleType","int","10","0","","1","","",""
"DealFlag","int","10","0","","1","('0')","",""
"RecycledAmount","int","10","0","","1","((0))","",""
"DistributedAmount","int","10","0","","1","((0))","",""
"表名：tb_BasicData_OperationUsingPackage","","","","","","","",""
"OperationID","nvarchar","20","0","","1","","",""
"PackageID","nvarchar","20","0","","1","","",""
"PackageName","nvarchar","25","0","","1","","",""
"Remark","nvarchar","200","0","","1","","",""
"ID","int","10","0","1","","","","1"
"表名：tb_ApplyManage_InstrumentCheck","","","","","","","",""
"CheckNumber","nvarchar","50","0","","1","","",""
"CheckUserID","nvarchar","20","0","","1","","",""
"CheckUserName","nvarchar","25","0","","1","","",""
"UserID","nvarchar","20","0","","1","","",""
"UserName","nvarchar","25","0","","1","","",""
"DepartmentID","nvarchar","20","0","","1","","",""
"DepartmentName","nvarchar","50","0","","1","","",""
"CreateTime","datetime","23","3","","1","","",""
"表名：tb_ApplyManage_InstrumentCheckDetail","","","","","","","",""
"ID","int","10","0","1","","","","1"
"CheckNumber","nvarchar","50","0","","1","","",""
"PackageBarcode","nvarchar","50","0","","1","","",""
"PackageID","nvarchar","50","0","","1","","",""
"PackageName","nvarchar","50","0","","1","","",""
"表名：tb_BasicData_Package","","","","","","","",""
"PackageID","nvarchar","30","0","","","","","1"
"PackageName","nvarchar","30","0","","","","",""
"PYCode","nvarchar","30","0","","1","","",""
"WBCode","nvarchar","30","0","","1","","",""
"Unit","nvarchar","5","0","","1","","",""
"Specification","nvarchar","30","0","","1","","",""
"Worth","decimal","18","4","","1","","",""
"Sale","decimal","18","4","","1","","",""
"Volume","int","10","0","","1","","",""
"InstrumentAmount","int","10","0","","1","","",""
"PackageTypeID","nvarchar","10","0","","1","","",""
"PackageTypeName","nvarchar","25","0","","1","","",""
"MaterialID","nvarchar","20","0","","1","","",""
"MaterialName","nvarchar","25","0","","1","","",""
"SterilizeModeID","nvarchar","20","0","","1","","",""
"SterilizeModeName","nvarchar","25","0","","1","","",""
"ProgramID","nvarchar","20","0","","1","","",""
"ProgramName","nvarchar","25","0","","1","","",""
"TraceModeID","nvarchar","20","0","","1","","",""
"TraceModeName","nvarchar","20","0","","1","","",""
"DepartmentID","nvarchar","20","0","","1","","",""
"DepartmentName","nvarchar","25","0","","1","","",""
"EffectiveDays","int","10","0","","1","","",""
"IsPrintBarcode","nvarchar","1","0","","1","","",""
"IsAllowRecycle","nvarchar","1","0","","1","","",""
"IsAllowExchange","nvarchar","1","0","","1","","",""
"IsTrace","nvarchar","1","0","","1","((0))","",""
"DeleteFlag","nvarchar","1","0","","1","","",""
"Remark","nvarchar","200","0","","1","","",""
"IsAllowSterilize","nvarchar","1","0","","1","((0))","",""
"ApplyRecycleStage","nvarchar","1","0","","1","((1))","",""
"ApplyDestination","nvarchar","1","0","","1","('0')","",""
"DistributeMode","nvarchar","1","0","","1","('0')","",""
"DepartmentPrintMode","nvarchar","1","0","","1","","",""
"PackageRouteID","nvarchar","20","0","","1","","",""
"PackageRouteName","nvarchar","50","0","","1","","",""
"DistributeToRecycleDestination","nvarchar","1","0","","1","","",""
"PackageAmount","int","10","0","","1","","",""
"IsAllowApply","nvarchar","1","0","","1","('0')","",""
"IsAllowRecycleToDistribute","nvarchar","1","0","","1","('0')","",""
"StatisticTypeID","int","10","0","","1","","",""
"StatisticTypeName","nvarchar","25","0","","1","","",""
"OperationSubDepartment","nvarchar","25","0","","1","","",""
"表名：t_WarnningLog","","","","","","","",""
"ID","int","10","0","1","","","","1"
"DeviceID","nvarchar","50","0","","1","","",""
"BatchNo","nvarchar","50","0","","1","","",""
"DateTime","datetime","23","3","","1","","",""
"ConDateTime","datetime","23","3","","1","","",""
"WarnningNo","int","10","0","","1","","",""
"WarnContent","nvarchar","200","0","","1","","",""
"IsRead","bit","1","0","","1","","",""
"表名：tb_ApplyManage_ItemDestroy","","","","","","","",""
"DestroyNumber","nvarchar","50","0","","","","","1"
"RecycleUserName","nvarchar","50","0","","1","","",""
"RecycleCompany","nvarchar","50","0","","1","","",""
"RecycleTime","datetime","23","3","","1","","",""
"UserID","nvarchar","20","0","","1","","",""
"UserName","nvarchar","25","0","","1","","",""
"DepartmentID","nvarchar","20","0","","1","","",""
"DepartmentName","nvarchar","25","0","","1","","",""
"CreateTime","datetime","23","3","","1","","",""
"表名：tb_BasicData_PackageIndividual","","","","","","","",""
"ID","int","10","0","1","","","","1"
"IndividualPackageID","nvarchar","30","0","","","","",""
"IndividualPackageName","nvarchar","50","0","","1","","",""
"PackageID","nvarchar","30","0","","1","","",""
"表名：tb_ApplyManage_ItemDestroyDetail","","","","","","","",""
"ID","int","10","0","1","","","","1"
"DestroyNumber","nvarchar","50","0","","1","","",""
"ItemID","nvarchar","50","0","","1","","",""
"Count","int","10","0","","1","","",""
"表名：tb_BasicData_PackageInstrumentList","","","","","","","",""
"PackageID","nvarchar","30","0","","1","","",""
"InstrumentID","nvarchar","30","0","","1","","",""
"InstrumentAmount","int","10","0","","1","","",""
"OrderID","nvarchar","4","0","","1","","",""
"表名：tb_BasicData_PackageNumForTemplate","","","","","","","",""
"ID","int","10","0","1","","","","1"
"Num","int","10","0","","1","","",""
"表名：tb_ApplyManage_ItemReclaim","","","","","","","",""
"ReclaimNumber","nvarchar","50","0","","","","","1"
"UserID","nvarchar","20","0","","1","","",""
"UserName","nvarchar","25","0","","1","","",""
"DepartmentID","nvarchar","20","0","","1","","",""
"DepartmentName","nvarchar","25","0","","1","","",""
"CreateTime","datetime","23","3","","1","","",""
"表名：t_IO_Auto","","","","","","","",""
"ID","int","10","0","1","","","","1"
"DeviceID","nvarchar","50","0","","1","","",""
"IN_OUT_ID","int","10","0","","1","","",""
"TriggerType","nvarchar","50","0","","1","","",""
"TriggerTime","nvarchar","500","0","","1","","",""
"DateTime","datetime","23","3","","1","","",""
"State","nvarchar","50","0","","1","","",""
"IsDelete","bit","1","0","","1","","",""
"表名：tb_BasicData_PackagePicture","","","","","","","",""
"ID","int","10","0","1","","","",""
"PackageID","nvarchar","30","0","","","","",""
"PackagePicture","image","2147483647","0","","1","","",""
"PictureName","nvarchar","50","0","","1","","",""
"PictureDirectory","nvarchar","200","0","","1","","",""
"DeleteFlag","nvarchar","1","0","","1","","",""
"表名：tb_ApplyManage_ItemReclaimDetail","","","","","","","",""
"ID","int","10","0","1","","","","1"
"ReclaimNumber","nchar","10","0","","1","","",""
"ItemID","nvarchar","50","0","","1","","",""
"Count","int","10","0","","1","","",""
"表名：tb_BasicData_PackageRoute","","","","","","","",""
"ID","int","10","0","1","","","","1"
"PackageRouteID","nvarchar","20","0","","","","",""
"PackageRouteName","nvarchar","50","0","","1","","",""
"LasttPackageStateID","nvarchar","5","0","","1","","",""
"PackageStateID","nvarchar","5","0","","","","",""
"NextPackageStateID","nvarchar","5","0","","","","",""
"表名：tb_ApplyManage_Notice","","","","","","","",""
"ID","int","10","0","1","","","","1"
"CreateTime","datetime","23","3","","1","","",""
"UserID","nvarchar","50","0","","1","","",""
"UserName","nvarchar","50","0","","1","","",""
"Title","nvarchar","50","0","","1","","",""
"DeleteFlag","int","10","0","","1","","",""
"Content","text","2147483647","0","","1","","",""
"DepartmentID","nvarchar","50","0","","1","","",""
"表名：t_Pm_Config","","","","","","","",""
"ID","int","10","0","1","","","","1"
"BatchNo","nvarchar","50","0","","","","",""
"DeviceNo","nvarchar","50","0","","1","","",""
"DeviceType","nvarchar","50","0","","1","","",""
"RunCount","nvarchar","50","0","","","","",""
"ProgramNo","nvarchar","50","0","","","","",""
"ProgramName","nvarchar","50","0","","1","","",""
"Operator","nvarchar","50","0","","1","","",""
"OperatorName","nvarchar","50","0","","1","","",""
"DateTime","datetime","23","3","","1","","",""
"OtherData","nvarchar","200","0","","1","","",""
"IsDelete","bit","1","0","","1","","",""
"DevState","nvarchar","50","0","","1","","",""
"Parameter1","int","10","0","","1","","",""
"Parameter2","int","10","0","","1","","",""
"Parameter3","int","10","0","","1","","",""
"Parameter4","int","10","0","","1","","",""
"Parameter5","int","10","0","","1","","",""
"Parameter6","nvarchar","50","0","","1","","",""
"Parameter7","nvarchar","50","0","","1","","",""
"Parameter8","nvarchar","50","0","","1","","",""
"Parameter9","nvarchar","50","0","","1","","",""
"ParameterA","nvarchar","50","0","","1","","",""
"ParameterB","nvarchar","50","0","","1","","",""
"ParameterC","nvarchar","50","0","","1","","",""
"DeviceModel","nvarchar","50","0","","1","","",""
"DeviceSerial","nvarchar","50","0","","1","","",""
"PLCVer","nvarchar","50","0","","1","","",""
"HMIVer","nvarchar","50","0","","1","","",""
"DeviceID","nvarchar","50","0","","1","","",""
"ReadUser","nvarchar","50","0","","1","","",""
"表名：tb_BasicData_PackageState","","","","","","","",""
"PackageStateID","nvarchar","20","0","","","","","1"
"PackageStateName","nvarchar","25","0","","","","",""
"表名：tb_ApplyManage_Operation","","","","","","","",""
"OperationID","int","10","0","1","","","","1"
"HospitalNumber","nvarchar","50","0","","1","","",""
"PatientName","nvarchar","50","0","","1","","",""
"Gender","nvarchar","50","0","","1","","",""
"Age","nvarchar","50","0","","1","","",""
"BedNumber","nvarchar","50","0","","1","","",""
"OperationName","nvarchar","50","0","","1","","",""
"OperationRoom","nvarchar","50","0","","1","","",""
"OperationDate","datetime","23","3","","1","","",""
"DepartmentName","nvarchar","50","0","","1","","",""
"Anesthesia","nvarchar","50","0","","1","","",""
"Position","nvarchar","50","0","","1","","",""
"Operator","nvarchar","50","0","","1","","",""
"ScrubNurse","nvarchar","50","0","","1","","",""
"CirculatingNurse","nvarchar","50","0","","1","","",""
"OperationTime","datetime","23","3","","1","","",""
"OperationOrder","nvarchar","50","0","","1","","",""
"OperationDepartmentID","nvarchar","50","0","","1","","",""
"OperationDepartmentName","nvarchar","50","0","","1","","",""
"Remark","nvarchar","200","0","","1","","",""
"xhhsdm1","nvarchar","50","0","","1","","",""
"xshsdm1","nvarchar","50","0","","1","","",""
"Anesthesiaperson","nvarchar","50","0","","1","","",""
"mzry","nvarchar","50","0","","1","","",""
"表名：t_Pm_Data","","","","","","","",""
"ID","int","10","0","1","","","","1"
"BatchNo","nvarchar","50","0","","","","",""
"DateTime","datetime","23","3","","1","","",""
"Input","nvarchar","50","0","","1","","",""
"Output","nvarchar","50","0","","1","","",""
"RunStep","nvarchar","50","0","","1","","",""
"RunTime","nvarchar","50","0","","1","","",""
"RunStepTime","nvarchar","50","0","","1","","",""
"Parameter1","nvarchar","50","0","","1","","",""
"Parameter2","nvarchar","50","0","","1","","",""
"Parameter3","nvarchar","50","0","","1","","",""
"Parameter4","nvarchar","50","0","","1","","",""
"Parameter5","nvarchar","50","0","","1","","",""
"Parameter6","nvarchar","50","0","","1","","",""
"Parameter7","nvarchar","53","0","","1","","",""
"Parameter8","nvarchar","50","0","","1","","",""
"Parameter9","nvarchar","50","0","","1","","",""
"ParameterA","nvarchar","50","0","","1","","",""
"ParameterB","nvarchar","50","0","","1","","",""
"ParameterC","nvarchar","50","0","","1","","",""
"TrendFlag","bit","1","0","","1","","",""
"OtherData","nvarchar","200","0","","1","","",""
"RowsIndex","int","10","0","","1","","",""
"表名：tb_BasicData_PackageType","","","","","","","",""
"PackageTypeID","nvarchar","20","0","","","","","1"
"PackageTypeName","nvarchar","25","0","","","","",""
"PYCode","nvarchar","25","0","","1","","",""
"WBCode","nvarchar","25","0","","1","","",""
"IsPackage","nvarchar","1","0","","1","","",""
"DeleteFlag","nvarchar","1","0","","1","","",""
"Remark","nvarchar","200","0","","1","","",""
"表名：tb_ApplyManage_OperationRoom","","","","","","","",""
"RoomID","nvarchar","50","0","","","","","1"
"RoomName","nvarchar","50","0","","1","","",""
"RoomNamePYCode","nvarchar","50","0","","1","","",""
"RoomNameWBCode","nvarchar","50","0","","1","","",""
"DepartmentID","nvarchar","50","0","","1","","",""
"DepartmentName","nvarchar","50","0","","1","","",""
"RoomCode","nvarchar","50","0","","1","","",""
"表名：t_IO_Count","","","","","","","",""
"ID","int","10","0","1","","","","1"
"DeviceID","nvarchar","50","0","","1","","",""
"DeviceNo","nvarchar","50","0","","1","","",""
"DeviceType","nvarchar","50","0","","1","","",""
"BatchNo","nvarchar","50","0","","1","","",""
"DateTime","datetime","23","3","","1","","",""
"InputCount","nvarchar","500","0","","1","","",""
"OutputCount","nvarchar","500","0","","1","","",""
"InputTime","nvarchar","500","0","","1","","",""
"OutputTime","nvarchar","500","0","","1","","",""
"ProgramCount","nvarchar","500","0","","1","","",""
"表名：tb_BasicData_PackageUseDepartment","","","","","","","",""
"ID","int","10","0","1","","","","1"
"PackageID","nvarchar","50","0","","1","","",""
"DepartmentID","nvarchar","50","0","","1","","",""
"DeleteFlag","int","10","0","","1","","",""
"表名：tb_ApplyManage_PackageAccept","","","","","","","",""
"AcceptNumber","nvarchar","50","0","","","","","1"
"AcceptUserID","nvarchar","20","0","","1","","",""
"AcceptUserName","nvarchar","25","0","","1","","",""
"UserID","nvarchar","20","0","","1","","",""
"UserName","nvarchar","25","0","","1","","",""
"DepartmentID","nvarchar","20","0","","1","","",""
"DepartmentName","nvarchar","25","0","","1","","",""
"CreateTime","datetime","23","3","","1","","",""
"TatolCount","int","10","0","","1","","",""
"DeleteCount","int","10","0","","1","","",""
"表名：tb_BasicData_ProgramParameter","","","","","","","",""
"ProgramParameterID","nvarchar","20","0","","","","","1"
"ProgramParameterName","nvarchar","30","0","","1","","",""
"ParameterValue","nvarchar","20","0","","1","","",""
"Description","nvarchar","100","0","","1","","",""
"表名：t_IN_OUT","","","","","","","",""
"ID","int","10","0","1","","","","1"
"No","nvarchar","50","0","","1","","",""
"DeviceType","nvarchar","50","0","","1","","",""
"DeviceDetailType","nvarchar","50","0","","1","","",""
"FContent","nvarchar","200","0","","1","","",""
"IOType","nvarchar","5","0","","1","","",""
"AdressWrite40","int","10","0","","1","","",""
"AdressDO_DI","int","10","0","","1","","",""
"AdressRange","int","10","0","","1","","",""
"ValueRange","int","10","0","","1","","",""
"AdressDeviation","int","10","0","","1","","",""
"Deviation","int","10","0","","1","","",""
"AdressState","int","10","0","","1","","",""
"DeviceID","nvarchar","50","0","","1","","",""
"Unit","nvarchar","50","0","","1","","",""
"ShowOrder","int","10","0","","1","","",""
"IsShow","bit","1","0","","1","","",""
"表名：tb_ApplyManage_PackageAcceptDetail","","","","","","","",""
"ID","int","10","0","1","","","","1"
"AcceptNumber","nvarchar","50","0","","1","","",""
"PackageBarcode","nvarchar","50","0","","1","","",""
"PackageID","nvarchar","50","0","","1","","",""
"PackageName","nvarchar","50","0","","1","","",""
"PackageAmount","int","10","0","","1","","",""
"DeleteAmount","int","10","0","","1","","",""
"ProductionDate","datetime","23","3","","1","","",""
"ExpirationDate","datetime","23","3","","1","","",""
"表名：tb_BasicData_Right","","","","","","","",""
"ModuleId","nvarchar","50","0","","","","模块ID","1"
"RightId","nvarchar","50","0","","","","功能ID","1"
"RightLevel","int","10","0","","","","功能所在几级页面","1"
"ModuleName","nvarchar","50","0","","1","","模块名称",""
"RightName","nvarchar","50","0","","1","","功能名称",""
"ParentId","nvarchar","50","0","","1","","此功能的父级ID",""
"Sort","int","10","0","","1","","排序",""
"DeleteFlag","nchar","1","0","","1","('0')","删除标记，0-正常，1-删除",""
"Remark","nvarchar","200","0","","1","","简述",""
"表名：tb_ApplyManage_PackageAcceptDetailDeleteLog","","","","","","","",""
"ID","int","10","0","1","","","","1"
"AcceptNumber","nvarchar","50","0","","1","","",""
"PackageBarcode","nvarchar","50","0","","1","","",""
"PackageID","nvarchar","50","0","","1","","",""
"PackageName","nvarchar","50","0","","1","","",""
"DeleteAmount","int","10","0","","1","","",""
"CreateTime","datetime","23","3","","1","","",""
"DeleteUseID","nvarchar","50","0","","1","","",""
"DeleteUseName","nvarchar","50","0","","1","","",""
"Remark","nvarchar","100","0","","1","","",""
"表名：tb_BasicData_Role","","","","","","","",""
"RoleID","nvarchar","20","0","","","","","1"
"RoleName","nvarchar","25","0","","","","",""
"PYCode","nvarchar","25","0","","1","","",""
"WBCode","nvarchar","25","0","","1","","",""
"DeleteFlag","nvarchar","1","0","","1","","",""
"Remark","nvarchar","200","0","","1","","",""
"表名：tb_ApplyManage_PackageCount","","","","","","","",""
"ID","int","10","0","1","","","","1"
"PackageName","nvarchar","50","0","","1","","",""
"PackageCount","int","10","0","","1","","",""
"OperationDate","datetime","23","3","","1","","",""
"表名：tb_BasicData_Vendor","","","","","","","",""
"VendorID","nvarchar","20","0","","","","","1"
"VendorName","nvarchar","50","0","","1","","",""
"VendorFullName","nvarchar","100","0","","1","","",""
"PYCode","nvarchar","50","0","","1","","",""
"WBCode","nvarchar","50","0","","1","","",""
"BankName","nvarchar","50","0","","1","","",""
"BankAccount","nvarchar","50","0","","1","","",""
"Address","nvarchar","100","0","","1","","",""
"Contacts","nvarchar","50","0","","1","","",""
"Phone","nvarchar","25","0","","1","","",""
"Fax","nvarchar","25","0","","1","","",""
"Email","nvarchar","25","0","","1","","",""
"DeleteFlag","int","10","0","","1","","",""
"Remark","nvarchar","200","0","","1","","",""
"HisVendorID","nvarchar","50","0","","1","","",""
"TypeFlag","nvarchar","10","0","","1","","",""
"OrderIDOne","nvarchar","10","0","","1","","",""
"OrderIDTwo","nvarchar","10","0","","1","","",""
"表名：tb_BasicData_RoleRight","","","","","","","",""
"ID","int","10","0","1","","","","1"
"RoleId","nvarchar","50","0","","1","","",""
"RightId","nvarchar","50","0","","1","","",""
"ModuleId","nvarchar","50","0","","1","","",""
"RightLevel","int","10","0","","1","","",""
"表名：tb_ApplyManage_PackageDeliver","","","","","","","",""
"DeliverNumber","nvarchar","50","0","","","","","1"
"DeliverUserID","nvarchar","20","0","","1","","",""
"DeliverUserName","nvarchar","25","0","","1","","",""
"UserID","nvarchar","20","0","","1","","",""
"UserName","nvarchar","25","0","","1","","",""
"DepartmentID","nvarchar","20","0","","1","","",""
"DepartmentName","nvarchar","50","0","","1","","",""
"CreateTime","datetime","23","3","","1","","",""
"TatolCount","int","10","0","","1","","",""
"DeleteCount","int","10","0","","1","","",""
"表名：tb_BasicData_StatisticType","","","","","","","",""
"ID","int","10","0","1","","","","1"
"StatisticTypeName","nvarchar","25","0","","","","",""
"表名：tb_ApplyManage_PackageDeliverDetail","","","","","","","",""
"ID","int","10","0","1","","","","1"
"DeliverNumber","nvarchar","50","0","","1","","",""
"PackageBarcode","nvarchar","50","0","","1","","",""
"PackageID","nvarchar","50","0","","1","","",""
"PackageName","nvarchar","50","0","","1","","",""
"PackageAmount","int","10","0","","1","","",""
"DeleteAmount","int","10","0","","1","","",""
"ProductionDate","datetime","23","3","","1","","",""
"ExpirationDate","datetime","23","3","","1","","",""
"OperationRoom","nvarchar","50","0","","1","","",""
"表名：tb_BasicData_SterilizeMode","","","","","","","",""
"SterilizeModeID","nvarchar","20","0","","","","","1"
"SterilizeModeName","nvarchar","25","0","","1","","",""
"SterilizeDevice","nvarchar","50","0","","1","","",""
"DeleteFlag","nvarchar","1","0","","1","","",""
"Remark","nvarchar","200","0","","1","","",""
"表名：tb_ApplyManage_PackageDeliverDetailDeleteLog","","","","","","","",""
"ID","int","10","0","1","","","","1"
"DeliverNumber","nvarchar","50","0","","1","","",""
"PackageBarcode","nvarchar","50","0","","1","","",""
"PackageID","nvarchar","50","0","","1","","",""
"PackageName","nvarchar","50","0","","1","","",""
"DeleteAmount","int","10","0","","1","","",""
"CreateTime","datetime","23","3","","1","","",""
"DeleteUseID","nvarchar","50","0","","1","","",""
"DeleteUseName","nvarchar","50","0","","1","","",""
"Remark","nvarchar","100","0","","1","","",""
"OperationRoom","nvarchar","50","0","","1","","",""
"表名：tb_BasicData_Storage","","","","","","","",""
"StorageID","nvarchar","50","0","","","","","1"
"StorageName","nvarchar","50","0","","","","",""
"StorageNamePYCode","nvarchar","50","0","","1","","",""
"StorageNameWBCode","nvarchar","50","0","","1","","",""
"DeleteFlag","int","10","0","","1","","",""
"Note","nvarchar","200","0","","1","","",""
"IsUsed","int","10","0","","","((0))","",""
"表名：tb_ApplyManage_PackageOut","","","","","","","",""
"OutNumber","nvarchar","50","0","","","","","1"
"OutUserID","nvarchar","20","0","","1","","",""
"OutUserName","nvarchar","25","0","","1","","",""
"UserID","nvarchar","20","0","","1","","",""
"UserName","nvarchar","25","0","","1","","",""
"DepartmentID","nvarchar","20","0","","1","","",""
"DepartmentName","nvarchar","25","0","","1","","",""
"CreateTime","datetime","23","3","","1","","",""
"TatolCount","int","10","0","","1","","",""
"DeleteCount","int","10","0","","1","","",""
"表名：tb_BasicData_SystemParameter","","","","","","","",""
"ID","nvarchar","50","0","","","","","1"
"Name","nvarchar","50","0","","","","",""
"Value","nvarchar","50","0","","1","","",""
"Note","nvarchar","100","0","","1","","",""
"表名：tb_ApplyManage_PackageOutDetail","","","","","","","",""
"ID","int","10","0","1","","","","1"
"OutNumber","nvarchar","50","0","","1","","",""
"PackageBarcode","nvarchar","50","0","","1","","",""
"PackageID","nvarchar","50","0","","1","","",""
"PackageName","nvarchar","50","0","","1","","",""
"PackageAmount","int","10","0","","1","","",""
"DeleteAmount","int","10","0","","1","","",""
"ProductionDate","datetime","23","3","","1","","",""
"ExpirationDate","datetime","23","3","","1","","",""
"表名：tb_BasicData_TraceMode","","","","","","","",""
"TraceModeID","nvarchar","20","0","","","","","1"
"TraceModeName","nvarchar","25","0","","","","",""
"DeleteFlag","nvarchar","1","0","","1","","",""
"Remark","nvarchar","200","0","","1","","",""
"表名：tb_ApplyManage_PackageOutDetailDeleteLog","","","","","","","",""
"ID","int","10","0","1","","","","1"
"OutNumber","nvarchar","50","0","","1","","",""
"PackageBarcode","nvarchar","50","0","","1","","",""
"PackageID","nvarchar","50","0","","1","","",""
"PackageName","nvarchar","50","0","","1","","",""
"DeleteAmount","int","10","0","","1","","",""
"CreateTime","datetime","23","3","","1","","",""
"DeleteUseID","nvarchar","50","0","","1","","",""
"DeleteUseName","nvarchar","50","0","","1","","",""
"Remark","nvarchar","100","0","","1","","",""
"表名：tb_BasicData_User","","","","","","","",""
"UserID","nvarchar","20","0","","","","","1"
"UserName","nvarchar","25","0","","","","",""
"UserAccount","nvarchar","50","0","","1","","",""
"PYCode","nvarchar","25","0","","1","","",""
"WBCode","nvarchar","25","0","","1","","",""
"AllCode","nvarchar","50","0","","1","","",""
"RoleID","nvarchar","20","0","","1","","",""
"RoleName","nvarchar","25","0","","1","","",""
"DepartmentID","nvarchar","20","0","","1","","",""
"DepartmentName","nvarchar","25","0","","1","","",""
"Password","nvarchar","10","0","","1","","",""
"IsDisinfectioner","nvarchar","1","0","","1","((0))","是否是灭菌员",""
"Sex","nvarchar","1","0","","1","","",""
"Age","int","10","0","","1","","",""
"Phone","nvarchar","25","0","","1","","",""
"Address","nvarchar","100","0","","1","","",""
"Picture","image","2147483647","0","","1","","",""
"DeleteFlag","nvarchar","1","0","","1","((0))","",""
"Remark","nvarchar","200","0","","1","","",""
"UserMode","nvarchar","1","0","","1","((0))","",""
"UserGuid","uniqueidentifier","16","0","","1","","",""
"表名：tb_ApplyManage_PackagePlate","","","","","","","",""
"PackagePlateID","nvarchar","50","0","","","","","1"
"DepartmentID","nvarchar","50","0","","","","",""
"PackagePlateName","nvarchar","50","0","","","","",""
"PackagePlateNamePYCode","nvarchar","50","0","","1","","",""
"PackagePlateNameWBCode","nvarchar","50","0","","1","","",""
"表名：tb_ApplyManage_PackagePlateDetail","","","","","","","",""
"ID","int","10","0","1","","","","1"
"PackagePlateID","nvarchar","50","0","","","","",""
"PackageID","nvarchar","50","0","","1","","",""
"PackageAmount","int","10","0","","1","","",""
"RecycleType","int","10","0","","1","","",""
"DealFlag","nvarchar","1","0","","1","","",""
"表名：tb_ApplyManage_PackageRefund","","","","","","","",""
"RefundNumber","nvarchar","50","0","","","","","1"
"RefundUserID","nvarchar","20","0","","1","","",""
"RefundUserName","nvarchar","25","0","","1","","",""
"UserID","nvarchar","20","0","","1","","",""
"UserName","nvarchar","25","0","","1","","",""
"DepartmentID","nvarchar","20","0","","1","","",""
"DepartmentName","nvarchar","25","0","","1","","",""
"CreateTime","datetime","23","3","","1","","",""
"TatolCount","int","10","0","","1","","",""
"DeleteCount","int","10","0","","1","","",""
"表名：tb_ApplyManage_PackageRefundDetail","","","","","","","",""
"ID","int","10","0","1","","","","1"
"RefundNumber","nvarchar","50","0","","1","","",""
"PackageBarcode","nvarchar","50","0","","1","","",""
"PackageID","nvarchar","50","0","","1","","",""
"PackageName","nvarchar","50","0","","1","","",""
"PackageAmount","int","10","0","","1","","",""
"DeleteAmount","int","10","0","","1","","",""
"ProductionDate","datetime","23","3","","1","","",""
"ExpirationDate","datetime","23","3","","1","","",""
"表名：tb_DistributeManage_DistributeRecord","","","","","","","",""
"ID","int","10","0","1","","","",""
"DistributeID","nvarchar","20","0","","1","","",""
"DistributeUserID","nvarchar","20","0","","1","","",""
"DistributeUserName","nvarchar","25","0","","1","","",""
"SendUserID","nvarchar","20","0","","1","","",""
"SendUserName","nvarchar","25","0","","1","","",""
"DistributeRegisterDate","datetime","23","3","","1","","",""
"LoginUserID","nvarchar","20","0","","1","","",""
"LoginUserName","nvarchar","25","0","","1","","",""
"SaveFlag","nvarchar","1","0","","1","","",""
"DeleteFlag","nvarchar","1","0","","1","","",""
"DistributeCombineID","nvarchar","20","0","","1","","",""
"Remark","nvarchar","200","0","","1","","",""
"IsPrinted","nvarchar","1","0","","1","","",""
"LendFlag","nvarchar","1","0","","1","('0')","",""
"表名：tb_ExtraManage_FinanceManage","","","","","","","",""
"ID","int","10","0","1","","","",""
"FinanceName","nvarchar","100","0","","1","","",""
"FinancePrice","decimal","18","4","","1","","",""
"FinanceUserID","nvarchar","20","0","","1","","",""
"FinanceUserName","nvarchar","25","0","","1","","",""
"LoginUserID","nvarchar","20","0","","1","","",""
"LoginUserName","nvarchar","25","0","","1","","",""
"FinanceDate","datetime","23","3","","1","","",""
"OperateDate","datetime","23","3","","1","","",""
"DeleteFlag","nvarchar","1","0","","1","","",""
"Remark","nvarchar","200","0","","1","","",""
"FinanceType","nvarchar","20","0","","1","","",""
"DepartmentID","nvarchar","20","0","","1","","",""
"DepartmentName","nvarchar","25","0","","1","","",""
"表名：tb_ApplyManage_PackageSubmit","","","","","","","",""
"SubmitNumber","nvarchar","50","0","","","","","1"
"SubmitUserID","nvarchar","20","0","","1","","",""
"SubmitUserName","nvarchar","25","0","","1","","",""
"UserID","nvarchar","20","0","","1","","",""
"UserName","nvarchar","25","0","","1","","",""
"DepartmentID","nvarchar","20","0","","1","","",""
"DepartmentName","nvarchar","25","0","","1","","",""
"CreateTime","datetime","23","3","","1","","",""
"TatolCount","int","10","0","","1","","",""
"DeleteCount","int","10","0","","1","","",""
"表名：tb_ExtraManage_FinanceType","","","","","","","",""
"FinanceType","nvarchar","20","0","","","","","1"
"OrderID","nvarchar","2","0","","1","","",""
"表名：tb_ApplyManage_PackageSubmitDetail","","","","","","","",""
"ID","int","10","0","1","","","","1"
"SubmitNumber","nvarchar","50","0","","1","","",""
"PackageBarcode","nvarchar","50","0","","1","","",""
"PackageID","nvarchar","50","0","","1","","",""
"PackageName","nvarchar","50","0","","1","","",""
"PackageAmount","int","10","0","","1","","",""
"DeleteAmount","int","10","0","","1","","",""
"ProductionDate","datetime","23","3","","1","","",""
"ExpirationDate","datetime","23","3","","1","","",""
"表名：tb_LendManage_LendRecord","","","","","","","",""
"ID","int","10","0","1","","","",""
"LendID","nvarchar","20","0","","1","","",""
"BorrowUserID","nvarchar","20","0","","1","","",""
"BorrowUserName","nvarchar","25","0","","1","","",""
"DistributeUserID","nvarchar","20","0","","1","","",""
"DistributeUserName","nvarchar","25","0","","1","","",""
"ReturnUserID","nvarchar","20","0","","1","","",""
"ReturnUserName","nvarchar","25","0","","1","","",""
"ReceiveUserID","nvarchar","20","0","","1","","",""
"ReceiveUserName","nvarchar","25","0","","1","","",""
"LendRegisterDate","datetime","23","3","","1","","",""
"ReturnRegisterDate","datetime","23","3","","1","","",""
"LendLoginUserID","nvarchar","20","0","","1","","",""
"LendLoginUserName","nvarchar","25","0","","1","","",""
"ReturnLoginUserID","nvarchar","20","0","","1","","",""
"ReturnLoginUserName","nvarchar","25","0","","1","","",""
"SaveFlag","nvarchar","1","0","","1","","",""
"DeleteFlag","nvarchar","1","0","","1","","",""
"Remark","nvarchar","200","0","","1","","",""
"表名：tb_LoanerInstrumentManage_IsHavingImplant","","","","","","","",""
"ID","int","10","0","1","","","",""
"IsHavingImplant","nvarchar","1","0","","","","","1"
"表名：tb_ApplyManage_PackageUse","","","","","","","",""
"PackageUseNumber","nvarchar","50","0","","","","","1"
"PackageUseUserID","nvarchar","20","0","","1","","",""
"PackageUseUserName","nvarchar","25","0","","1","","",""
"UserID","nvarchar","20","0","","1","","",""
"UserName","nvarchar","25","0","","1","","",""
"DepartmentID","nvarchar","20","0","","1","","",""
"DepartmentName","nvarchar","25","0","","1","","",""
"CreateTime","datetime","23","3","","1","","",""
"TatolCount","int","10","0","","1","","",""
"DeleteCount","int","10","0","","1","","",""
"HospitalNumber","nvarchar","50","0","","1","","",""
"PatientName","nvarchar","50","0","","1","","",""
"Operator","nvarchar","50","0","","1","","",""
"OperationName","nvarchar","50","0","","1","","",""
"OperationDate","datetime","23","3","","1","","",""
"xhhsdm1","nvarchar","50","0","","1","","",""
"CirculatingNurse","nvarchar","50","0","","1","","",""
"xshsdm1","nvarchar","50","0","","1","","",""
"ScrubNurse","nvarchar","50","0","","1","","",""
"OperationID","int","10","0","","1","","",""
"表名：tb_LoanerInstrumentManage_LoanerCompany","","","","","","","",""
"ID","int","10","0","1","","","",""
"LoanerCompany","nvarchar","25","0","","","","","1"
"表名：tb_ApplyManage_PackageUseDetail","","","","","","","",""
"ID","int","10","0","1","","","","1"
"PackageUseNumber","nvarchar","50","0","","1","","",""
"PackageBarcode","nvarchar","50","0","","1","","",""
"PackageID","nvarchar","50","0","","1","","",""
"PackageName","nvarchar","50","0","","1","","",""
"PackageAmount","int","10","0","","1","","",""
"DeleteAmount","int","10","0","","1","","",""
"ProductionDate","datetime","23","3","","1","","",""
"ExpirationDate","datetime","23","3","","1","","",""
"DealFlag","int","10","0","","1","","",""
"DealRemark","int","10","0","","1","","",""
"表名：t_Device","","","","","","","",""
"ID","int","10","0","1","","","","1"
"IP","nvarchar","50","0","","1","","",""
"DeviceName","nvarchar","50","0","","1","","",""
"DeviceNo","nvarchar","50","0","","","","",""
"DeviceType","nvarchar","50","0","","","","",""
"DeviceTotalNo","int","10","0","","","","",""
"DetailDeviceType","nvarchar","50","0","","1","","",""
"Doors","nvarchar","50","0","","1","","",""
"WorkMode","nvarchar","50","0","","1","","",""
"Volume","int","10","0","","1","","",""
"VolumeRatio","float","53","0","","1","","",""
"IsDelete","bit","1","0","","1","((0))","",""
"IsConnect","bit","1","0","","1","","",""
"SteriMode","nvarchar","50","0","","1","","",""
"Description","nvarchar","100","0","","1","","",""
"IsShow","nchar","1","0","","1","","",""
"Port","nvarchar","5","0","","1","","",""
"IsSlave","nchar","1","0","","1","","",""
"ProtocolType","nvarchar","50","0","","1","","",""
"PrintType","nvarchar","50","0","","1","","",""
"DLLName","nvarchar","50","0","","1","","",""
"HospitalID","nvarchar","50","0","","1","","",""
"HospitalName","nvarchar","50","0","","1","","",""
"DepartmenID","nvarchar","50","0","","1","","",""
"DepartmentName","nvarchar","50","0","","1","","",""
"DeviceID","nvarchar","20","0","","1","","",""
"CurrentWashBatchID","nvarchar","50","0","","1","","",""
"CurrentSterilizeBatchID","nvarchar","50","0","","1","","",""
"DeviceState","nvarchar","50","0","","1","","",""
"表名：tb_LoanerInstrumentManage_LoanerInstrumentAlias","","","","","","","",""
"ID","int","10","0","1","","","",""
"LoanerInstrumentAlias","nvarchar","25","0","","","","","1"
"表名：tb_ApplyManage_PackageUseDetailDeleteLog","","","","","","","",""
"ID","int","10","0","1","","","","1"
"PackageUseNumber","nvarchar","50","0","","1","","",""
"PackageBarcode","nvarchar","50","0","","1","","",""
"PackageID","nvarchar","50","0","","1","","",""
"PackageName","nvarchar","50","0","","1","","",""
"DeleteAmount","int","10","0","","1","","",""
"CreateTime","datetime","23","3","","1","","",""
"DeleteUseID","nvarchar","50","0","","1","","",""
"DeleteUseName","nvarchar","50","0","","1","","",""
"Remark","nvarchar","100","0","","1","","",""
"表名：tb_LoanerInstrumentManage_LoanerUser","","","","","","","",""
"ID","int","10","0","1","","","",""
"SendUser","nvarchar","25","0","","","","","1"
"表名：tb_ApplyManage_PositionMaintain","","","","","","","",""
"ID","int","10","0","1","","","","1"
"PositionName","nvarchar","50","0","","1","","",""
"DeleteFlag","int","10","0","","1","","",""
"表名：tb_LoanerInstrumentManage_OperationRecord","","","","","","","",""
"OperationID","nvarchar","20","0","","1","","",""
"OperationName","nvarchar","25","0","","1","","",""
"InstrumentName","nvarchar","25","0","","1","","",""
"InstrumentCharge","decimal","18","4","","1","","",""
"InstrumentAmount","int","10","0","","1","","",""
"PackAmount","int","10","0","","1","","",""
"LoanerCompany","nvarchar","25","0","","1","","",""
"SendUser","nvarchar","25","0","","1","","",""
"UseDoctor","nvarchar","25","0","","1","","",""
"PatientID","nvarchar","20","0","","1","","",""
"PatientName","nvarchar","25","0","","1","","",""
"PatientBedNumber","nvarchar","25","0","","1","","",""
"PatientDepartmentID","nvarchar","20","0","","1","","",""
"PatientDepartmentName","nvarchar","25","0","","1","","",""
"UseMode","nvarchar","25","0","","1","","",""
"SterilizeMode","nvarchar","25","0","","1","","",""
"Implant","nvarchar","500","0","","1","","",""
"SendDate","datetime","23","3","","1","","",""
"UseDate","datetime","23","3","","1","","",""
"DistributeDate","datetime","23","3","","1","","",""
"表名：tb_ApplyManage_StoragePlate","","","","","","","",""
"PlateID","nvarchar","50","0","","","","","1"
"DepartmentID","nvarchar","50","0","","","","",""
"PlateName","nvarchar","50","0","","","","",""
"PlateNamePYCode","nvarchar","50","0","","1","","",""
"PlateNameWBCode","nvarchar","50","0","","1","","",""
"表名：tb_LoanerInstrumentManage_UseDoctor","","","","","","","",""
"ID","int","10","0","1","","","",""
"UseDoctor","nvarchar","25","0","","","","","1"
"表名：tb_ApplyManage_StoragePlateDetail","","","","","","","",""
"ID","int","10","0","1","","","","1"
"PlateID","nvarchar","50","0","","","","",""
"ItemID","nvarchar","50","0","","1","","",""
"Count","int","10","0","","1","","",""
"表名：tb_LoanerInstrumentManage_UseMode","","","","","","","",""
"ID","int","10","0","1","","","",""
"UseMode","nvarchar","25","0","","","","","1"
"表名：tb_BasicData_Action","","","","","","","",""
"ActionID","nvarchar","50","0","","","","功能ID","1"
"ActionName","nvarchar","50","0","","1","","功能名",""
"PYCode","nvarchar","50","0","","1","","拼音码",""
"WBCode","nvarchar","50","0","","1","","五笔码",""
"BeforeActionID","nvarchar","50","0","","1","","父功能ID",""
"IsPage","int","10","0","","1","","是否是页面",""
"ControlID","nvarchar","200","0","","1","","控件ID",""
"表名：tb_PackingManage_PackingRecord","","","","","","","",""
"ID","int","10","0","1","","","",""
"PackingID","nvarchar","20","0","","1","","",""
"PackingUserID","nvarchar","20","0","","1","","",""
"PackingUserName","nvarchar","25","0","","1","","",""
"InspectionUserID","nvarchar","20","0","","1","","",""
"InspectionUserName","nvarchar","25","0","","1","","",""
"PackingRegisterDate","datetime","23","3","","1","","",""
"LoginUserID","nvarchar","20","0","","1","","",""
"LoginUserName","nvarchar","25","0","","1","","",""
"SaveFlag","nvarchar","1","0","","1","","",""
"DeleteFlag","nvarchar","1","0","","1","","",""
"表名：tb_PackingManage_PrintHistory","","","","","","","",""
"ID","int","10","0","1","","","",""
"PackageBarcode","nvarchar","30","0","","1","","",""
"PackageID","nvarchar","30","0","","1","","",""
"PackageName","nvarchar","30","0","","1","","",""
"DepartmentID","nvarchar","20","0","","1","","",""
"DepartmentName","nvarchar","25","0","","1","","",""
"PackageTypeID","nvarchar","20","0","","1","","",""
"SterilizeDeviceID","nvarchar","20","0","","1","","",""
"SterilizeDeviceName","nvarchar","25","0","","1","","",""
"SterilizeBatchID","nvarchar","20","0","","1","","",""
"PackingUserID","nvarchar","20","0","","1","","",""
"PackingUserName","nvarchar","25","0","","1","","",""
"InspectionUserID","nvarchar","20","0","","1","","",""
"InspectionUserName","nvarchar","25","0","","1","","",""
"PackingID","nvarchar","20","0","","1","","",""
"ReceiveID","nvarchar","20","0","","1","","",""
"SterilizeRegisterID","nvarchar","20","0","","1","","",""
"SterilizeUserID","nvarchar","20","0","","1","","",""
"SterilizeUserName","nvarchar","25","0","","1","","",""
"BarcodeType","nvarchar","1","0","","1","","",""
"PrintDate","datetime","23","3","","1","","",""
"ProductionDate","datetime","23","3","","1","","",""
"ExpirationDate","datetime","23","3","","1","","",""
"LoginUserID","nvarchar","20","0","","1","","",""
"LastPrintDate","datetime","23","3","","1","","",""
"LoginUserName","nvarchar","25","0","","1","","",""
"PrintTimes","int","10","0","","1","('1')","",""
"WashDeviceID","nvarchar","20","0","","1","","",""
"WashDeviceName","nvarchar","25","0","","1","","",""
"WashBatchID","nvarchar","20","0","","1","","",""
"WashUserID","nvarchar","20","0","","1","","",""
"WashUserName","nvarchar","25","0","","1","","",""
"表名：tb_BasicData_ApplyTime","","","","","","","",""
"ID","int","10","0","1","","","","1"
"Flag","nvarchar","1","0","","","","",""
"BeginDateTime","datetime","23","3","","","","",""
"EndDateTime","datetime","23","3","","","","",""
"表名：tb_PackingManage_ReceiveRecord","","","","","","","",""
"ID","int","10","0","1","","","",""
"ReceiveID","nvarchar","20","0","","1","","",""
"SendUserID","nvarchar","20","0","","1","","",""
"SendUserName","nvarchar","25","0","","1","","",""
"ReceiveUserID","nvarchar","20","0","","1","","",""
"ReceiveUserName","nvarchar","25","0","","1","","",""
"PackingUserID","nvarchar","20","0","","1","","",""
"PackingUserName","nvarchar","25","0","","1","","",""
"InspectionUserID","nvarchar","20","0","","1","","",""
"InspectionUserName","nvarchar","25","0","","1","","",""
"ReceiveRegisterDate","datetime","23","3","","1","","",""
"LoginUserID","nvarchar","20","0","","1","","",""
"LoginUserName","nvarchar","25","0","","1","","",""
"SaveFlag","nvarchar","1","0","","1","","",""
"DeleteFlag","nvarchar","1","0","","1","","",""
"表名：tb_RecycleManage_RecycleEvaluate","","","","","","","",""
"ID","int","10","0","1","","","","1"
"PackageID","nvarchar","20","0","","1","","",""
"PackageName","nvarchar","30","0","","1","","",""
"PackageBarcode","nvarchar","30","0","","1","","",""
"RecycleEvaluateItem","nvarchar","30","0","","1","","",""
"RecycleEvaluatedate","datetime","23","3","","1","","",""
"RecycleEvaluateUserID","nvarchar","20","0","","1","","",""
"RecycleEvaluateUserName","nvarchar","30","0","","1","","",""
"Remark","nvarchar","200","0","","1","","",""
"LoginUserID","nvarchar","20","0","","1","","",""
"LoginUserName","nvarchar","30","0","","1","","",""
"DepartmentID","nvarchar","20","0","","1","","",""
"DepartmentName","nvarchar","30","0","","1","","",""
"表名：tb_BasicData_BatchCode","","","","","","","",""
"BatchCodeID","nvarchar","20","0","","","","批量码编号（WR000001、CO000001）","1"
"BatchCodeName","nvarchar","25","0","","","","批量码名称",""
"IsUsing","nvarchar","1","0","","1","((0))","",""
"DeleteFlag","nvarchar","1","0","","1","((0))","删除标志（0、1）",""
"表名：tb_RecycleManage_RecycleEvaluateItem","","","","","","","",""
"ID","int","10","0","1","","","",""
"RecycleEvaluateItem","nvarchar","30","0","","","","","1"
"SortedID","nvarchar","10","0","","1","","",""
"表名：tb_RecycleManage_RecycleRecord","","","","","","","",""
"ID","int","10","0","1","","","",""
"RecycleID","nvarchar","20","0","","1","","",""
"RecycleUserID","nvarchar","20","0","","1","","",""
"RecycleUserName","nvarchar","25","0","","1","","",""
"ReceiveUserID","nvarchar","20","0","","1","","",""
"ReceiveUserName","nvarchar","25","0","","1","","",""
"RecycleRegisterDate","datetime","23","3","","1","","",""
"LoginUserID","nvarchar","20","0","","1","","",""
"LoginUserName","nvarchar","25","0","","1","","",""
"SaveFlag","nvarchar","1","0","","1","","",""
"DeleteFlag","nvarchar","1","0","","1","","",""
"IsPrinted","nvarchar","1","0","","1","","",""
"表名：tb_BasicData_Bills","","","","","","","",""
"Name","nvarchar","50","0","","","","","1"
"Times","int","10","0","","1","","",""
"Note","nvarchar","50","0","","1","","",""
"表名：tb_RecycleManage_RecycleRecordDamage","","","","","","","",""
"ID","int","10","0","1","","","",""
"InstrumentID","nvarchar","30","0","","1","","",""
"InstrumentName","nvarchar","30","0","","1","","",""
"PackageID","nvarchar","30","0","","1","","",""
"PackageName","nvarchar","30","0","","1","","",""
"DepartmentID","nvarchar","20","0","","1","","",""
"DepartmentName","nvarchar","25","0","","1","","",""
"DamageAmount","int","10","0","","1","","",""
"DamageDate","datetime","23","3","","1","","",""
"RegisterUserID","nvarchar","20","0","","1","","",""
"RegisterUserName","nvarchar","25","0","","1","","",""
"RegisterDate","datetime","23","3","","1","","",""
"LoginUserID","nvarchar","20","0","","1","","",""
"LoginUserName","nvarchar","25","0","","1","","",""
"DeleteFlag","nvarchar","1","0","","1","","",""
"Remark","nvarchar","200","0","","1","","",""
"TraceID","bigint","19","0","","1","","",""
"表名：tb_RecycleManage_RecycleRecordLost","","","","","","","",""
"ID","int","10","0","1","","","",""
"InstrumentID","nvarchar","30","0","","1","","",""
"InstrumentName","nvarchar","30","0","","1","","",""
"PackageID","nvarchar","30","0","","1","","",""
"PackageName","nvarchar","30","0","","1","","",""
"DepartmentID","nvarchar","20","0","","1","","",""
"DepartmentName","nvarchar","25","0","","1","","",""
"LostAmount","int","10","0","","1","","",""
"LostDate","datetime","23","3","","1","","",""
"RegisterUserID","nvarchar","20","0","","1","","",""
"RegisterUserName","nvarchar","25","0","","1","","",""
"RegisterDate","datetime","23","3","","1","","",""
"LoginUserID","nvarchar","20","0","","1","","",""
"LoginUserName","nvarchar","25","0","","1","","",""
"DeleteFlag","nvarchar","1","0","","1","","",""
"Remark","nvarchar","200","0","","1","","",""
"TraceID","bigint","19","0","","1","","",""
"表名：tb_BasicData_CheckResult","","","","","","","",""
"CKCode","nvarchar","20","0","","","","条码","1"
"ResultContent","nvarchar","50","0","","1","","结果内容",""
"OrderNo","int","10","0","","1","","排序",""
"IsDelete","nchar","1","0","","1","","是否删除",""
"CheckMode","nvarchar","1","0","","1","","",""
"IsCheckResult","nvarchar","1","0","","1","","",""
"表名：tb_SpecialManage_EqupimentMaintain","","","","","","","",""
"ID","int","10","0","1","","","","1"
"EquipmentNo","nvarchar","50","0","","1","","",""
"EquipmentName","nvarchar","50","0","","1","","",""
"MaintainPerson","nvarchar","100","0","","1","","",""
"MaintainReson","nvarchar","500","0","","1","","",""
"MaintainResult","nvarchar","100","0","","1","","",""
"MaintainDate","datetime","23","3","","1","","",""
"FirstBDSerialNo","nvarchar","50","0","","1","","",""
"SecondBDSerialNo","nvarchar","50","0","","1","","",""
"ThirdBDSerialNo","nvarchar","50","0","","1","","",""
"FirstBMSerialNo","nvarchar","50","0","","1","","",""
"FirstResult","nvarchar","500","0","","1","","",""
"SecondBMSerialNo","nvarchar","50","0","","1","","",""
"SecondResult","nvarchar","500","0","","1","","",""
"ThirdBMSerialNo","nvarchar","50","0","","1","","",""
"ThirdResult","nvarchar","500","0","","1","","",""
"AllResult","char","1","0","","1","","",""
"AddUser","nvarchar","20","0","","1","","",""
"AddDate","datetime","23","3","","1","","",""
"DeleteFlag","int","10","0","","1","","",""
"表名：tb_BasicData_CodeCorresponding","","","","","","","",""
"ID","int","10","0","1","","","","1"
"MaterialItemID","nvarchar","50","0","","1","","",""
"ItemID","nvarchar","50","0","","1","","",""
"ConversionBase","int","10","0","","1","","",""
"表名：tb_SpecialManage_LostDamage","","","","","","","",""
"ID","int","10","0","1","","","","1"
"InstrumentID","nvarchar","30","0","","1","","",""
"InstrumentName","nvarchar","30","0","","1","","",""
"PackageID","nvarchar","30","0","","1","","",""
"PackageName","nvarchar","30","0","","1","","",""
"PackageBarcode","nvarchar","30","0","","1","","",""
"DepartmentID","nvarchar","20","0","","1","","",""
"DepartmentName","nvarchar","25","0","","1","","",""
"LostDamageAmount","int","10","0","","1","","",""
"LostDamageDate","datetime","23","3","","1","","",""
"RegisterUserID","nvarchar","20","0","","1","","",""
"RegisterUserName","nvarchar","25","0","","1","","",""
"RegisterDate","datetime","23","3","","1","","",""
"LoginUserID","nvarchar","20","0","","1","","",""
"LoginUserName","nvarchar","25","0","","1","","",""
"DeleteFlag","nvarchar","1","0","","1","","",""
"Remark","nvarchar","200","0","","1","","",""
"TraceID","bigint","19","0","","","","",""
"LostDamageType","nvarchar","1","0","","1","","",""
"表名：tb_BasicData_DatabaseVersion","","","","","","","",""
"DatabaseVersion","int","10","0","","","","数据库版本号","1"
"VersionDate","datetime","23","3","","1","","版本生成日期",""
"UpdateDate","datetime","23","3","","1","","版本更新日期",""
"Remark","nvarchar","100","0","","1","","备注",""
"表名：tb_SpecialManage_LostDamageDeal","","","","","","","",""
"ID","int","10","0","1","","","","1"
"TraceID","bigint","19","0","","1","","",""
"LostDamageID","int","10","0","","1","","",""
"RegisterUserID","nvarchar","20","0","","1","","",""
"RegisterUserName","nvarchar","25","0","","1","","",""
"RegsiterDate","datetime","23","3","","1","","",""
"Description","nvarchar","200","0","","1","","",""
"DeleteFlag","nvarchar","1","0","","1","","",""
"LoginUserID","nvarchar","20","0","","1","","",""
"LoginUserName","nvarchar","25","0","","1","","",""
"OperationDate","datetime","23","3","","1","","",""
"表名：tb_BasicData_Department","","","","","","","",""
"DepartmentID","nvarchar","20","0","","","","科室编号（DM0001）","1"
"DepartmentName","nvarchar","25","0","","","","科室名称",""
"DepartmentCode","nvarchar","20","0","","1","","",""
"Alias","nvarchar","25","0","","1","","别名",""
"PYCode","nvarchar","25","0","","1","","拼音码",""
"WBCode","nvarchar","25","0","","1","","五笔码",""
"DepartmentGroupID","nvarchar","20","0","","1","","科室分组编号",""
"DepartmentGroupName","nvarchar","25","0","","1","","科室分组名称",""
"Phone","nvarchar","25","0","","1","","联系电话",""
"Fax","nvarchar","25","0","","1","","传真",""
"Email","nvarchar","25","0","","1","","电子邮箱",""
"DeleteFlag","nvarchar","1","0","","1","","删除标志（0、1）",""
"Remark","nvarchar","200","0","","1","","备注",""
"ChargeDepartmentID","nvarchar","20","0","","1","","",""
"ChargeDepartmentName","nvarchar","25","0","","1","","",""
"FloorNo","nvarchar","3","0","","1","('000')","",""
"表名：tb_SterilizeManage_SterilizeRegisterRecord","","","","","","","",""
"ID","int","10","0","1","","","自增长ID",""
"SterilizeRegisterID","nvarchar","20","0","","1","","灭菌登记ID",""
"SterilizeRegisterUserID","nvarchar","20","0","","1","","灭菌登记人ID",""
"SterilizeRegisterUserName","nvarchar","25","0","","1","","灭菌登记人姓名",""
"SterilizeUserID","nvarchar","20","0","","1","","灭菌员ID",""
"SterilizeUserName","nvarchar","25","0","","1","","灭菌员姓名",""
"SterilizeRegisterDate","datetime","23","3","","1","","灭菌登记时间",""
"LoginUserID","nvarchar","20","0","","1","","登录人ID",""
"LoginUserName","nvarchar","25","0","","1","","登录人姓名",""
"SaveFlag","nvarchar","1","0","","1","","单据保存标志，0未保存，1已保存",""
"DeleteFlag","nvarchar","1","0","","1","","删除标志，0未删除，1已删除",""
"表名：tb_Storage_Requisitions","","","","","","","",""
"RequisitionsID","nvarchar","50","0","","","","","1"
"RequsitionsName","nvarchar","50","0","","1","","",""
"ReceiptFlag","int","10","0","","1","","",""
"AddDate","datetime","23","3","","1","","",""
"AddUser","nvarchar","50","0","","1","","",""
"AddUserName","nvarchar","50","0","","1","","",""
"DeleteFlag","int","10","0","","1","","",""
"表名：tb_BasicData_DepartmentGroup","","","","","","","",""
"DepartmentGroupID","nvarchar","20","0","","","","科室分组编号（DG0001）","1"
"DepartmentGroupName","nvarchar","25","0","","","","科室分组名称",""
"Alias","nvarchar","25","0","","1","","别名",""
"PYCode","nvarchar","25","0","","1","","拼音码",""
"WBCode","nvarchar","25","0","","1","","五笔码",""
"DeleteFlag","nvarchar","1","0","","1","","删除标志（0、1）",""
"Remark","nvarchar","200","0","","1","","备注",""
"表名：tb_Storage_RequisitionsDetail","","","","","","","",""
"ID","int","10","0","1","","","","1"
"RequisitionsID","nvarchar","50","0","","1","","",""
"ItemID","nvarchar","50","0","","1","","",""
"PurchaseAmount","int","10","0","","1","","",""
"DeleteFlag","int","10","0","","1","","",""
"ReferencePrice","decimal","20","6","","1","","",""
"Batch","nvarchar","50","0","","1","","",""
"SterilizationBatch","nvarchar","50","0","","1","","",""
"RegistrationNo","nvarchar","50","0","","1","","",""
"ProductionDate","datetime","23","3","","1","","",""
"ExpirationDate","datetime","23","3","","1","","",""
"ManuID","nvarchar","50","0","","1","","",""
